shadow_S,shadow_gap
28184.0,-346.0
27827.0,-273.0
26690.0,-50.0
24732.0,-518.0
25861.0,111.0
26042.0,712.0
24900.0,90.0
26052.0,1712.0
24249.0,609.0
25026.0,526.0
26017.0,517.0
26338.0,1438.0
28292.0,-238.0
27834.0,-266.0
28664.0,304.0
28620.0,1080.0
26766.0,26.0
26109.0,119.0
26687.0,1427.0
24481.0,-49.0
24877.0,-373.0
25980.0,230.0
26076.0,746.0
24900.0,170.0
24986.0,116.0
25051.0,261.0
23553.0,-517.0
25148.0,338.0
25866.0,806.0
26259.0,1919.0
24599.0,959.0
24305.0,425.0
25426.0,926.0
25495.0,755.0
26108.0,608.0
27252.0,1192.0
27443.0,973.0
27135.0,165.0
28627.0,827.0
28105.0,875.0
27683.0,863.0
27919.0,1529.0
27431.0,1791.0
26298.0,1398.0
28297.0,-233.0
27852.0,-248.0
28549.0,189.0
28523.0,983.0
26688.0,-52.0
26043.0,53.0
26649.0,1389.0
24464.0,-66.0
25015.0,-235.0
25905.0,155.0
26077.0,747.0
25099.0,369.0
25037.0,167.0
24906.0,116.0
23442.0,-628.0
25128.0,318.0
25956.0,896.0
26303.0,1963.0
24742.0,1102.0
24354.0,474.0
25410.0,910.0
25579.0,839.0
26234.0,734.0
27211.0,1151.0
27561.0,1091.0
27221.0,251.0
28885.0,1085.0
28301.0,1071.0
28040.0,1220.0
28002.0,1612.0
27626.0,1986.0
26524.0,1624.0
25701.0,1491.0
28335.0,-195.0
27829.0,-271.0
28581.0,221.0
28563.0,1023.0
26680.0,-60.0
26079.0,89.0
26554.0,1294.0
24361.0,-169.0
24940.0,-310.0
25900.0,150.0
26018.0,688.0
24764.0,34.0
25033.0,163.0
25096.0,306.0
23451.0,-619.0
25194.0,384.0
25863.0,803.0
26258.0,1918.0
24781.0,1141.0
24392.0,512.0
25461.0,961.0
25621.0,881.0
26308.0,808.0
27365.0,1305.0
27735.0,1265.0
27274.0,304.0
28877.0,1077.0
28250.0,1020.0
28056.0,1236.0
28069.0,1679.0
27549.0,1909.0
26638.0,1738.0
25944.0,1734.0
26007.0,1057.0
27103.0,1233.0
28258.0,-272.0
27969.0,-131.0
28633.0,273.0
28544.0,1004.0
26578.0,-162.0
26150.0,160.0
26614.0,1354.0
24453.0,-77.0
25119.0,-131.0
25826.0,76.0
26137.0,807.0
25170.0,440.0
25120.0,250.0
25275.0,485.0
23501.0,-569.0
25084.0,274.0
25722.0,662.0
26279.0,1939.0
24862.0,1222.0
24544.0,664.0
25523.0,1023.0
25593.0,853.0
26382.0,882.0
27475.0,1415.0
27843.0,1373.0
27281.0,311.0
28952.0,1152.0
28283.0,1053.0
28034.0,1214.0
27963.0,1573.0
27503.0,1863.0
26583.0,1683.0
25625.0,1415.0
26280.0,1390.0
26305.0,1355.0
26364.0,1564.0
26417.0,1797.0
25910.0,530.0
27172.0,1012.0
28352.0,-178.0
27971.0,-129.0
28626.0,266.0
28690.0,1150.0
26645.0,-95.0
26219.0,229.0
26645.0,1385.0
24221.0,-309.0
25113.0,-137.0
25865.0,115.0
26065.0,735.0
24953.0,223.0
24891.0,21.0
25383.0,593.0
23792.0,-278.0
25106.0,296.0
25994.0,934.0
26207.0,1867.0
24970.0,1330.0
24370.0,490.0
25397.0,897.0
25245.0,505.0
25933.0,433.0
27509.0,1449.0
27803.0,1333.0
27043.0,73.0
28888.0,1088.0
27935.0,705.0
27945.0,1125.0
27877.0,1487.0
27496.0,1856.0
26654.0,1754.0
25982.0,1092.0
28492.0,-38.0
28030.0,-70.0
28647.0,287.0
28721.0,1181.0
26652.0,-88.0
26637.0,647.0
26740.0,1480.0
25019.0,-231.0
25464.0,654.0
26009.0,949.0
26173.0,1833.0
23962.0,82.0
24756.0,256.0
24888.0,148.0
25291.0,-209.0
27274.0,1214.0
26866.0,396.0
27571.0,601.0
27598.0,1208.0
27423.0,1783.0
25977.0,1767.0
25996.0,1106.0
27551.0,2601.0
29012.0,1472.0
27509.0,769.0
26015.0,25.0
25021.0,-229.0
26847.0,377.0
27120.0,150.0
27311.0,491.0
26862.0,1222.0
40935.0,-1145.0
39964.0,-676.0
38934.0,-806.0
42392.0,3342.0
39130.0,1580.0
36997.0,517.0
39198.0,1258.0
37353.0,2113.0
33484.0,154.0
33614.0,124.0
28884.0,134.0
27981.0,-29.0
26523.0,753.0
25089.0,279.0
24987.0,-613.0
25010.0,680.0
24933.0,613.0
26316.0,66.0
26861.0,1361.0
24765.0,1135.0
20446.0,2236.0
42143.0,-77.0
38384.0,-1356.0
39045.0,-5.0
28167.0,-883.0
26439.0,669.0
42659.0,579.0
42320.0,100.0
41689.0,2639.0
36249.0,139.0
36598.0,1358.0
33997.0,67.0
32957.0,1287.0
30358.0,-2.0
28874.0,-116.0
29186.0,136.0
26537.0,-1473.0
27969.0,309.0
27470.0,780.0
27850.0,1100.0
26564.0,794.0
25904.0,834.0
25678.0,848.0
26001.0,401.0
25498.0,668.0
25228.0,908.0
24795.0,-455.0
27508.0,1068.0
27450.0,20.0
28860.0,760.0
28554.0,994.0
26976.0,-534.0
28063.0,353.0
27845.0,1075.0
26460.0,450.0
26422.0,932.0
26200.0,260.0
26211.0,61.0
26403.0,993.0
18690.0,810.0
38401.0,-2009.0
40804.0,-1276.0
42325.0,105.0
40396.0,-244.0
42254.0,3204.0
36049.0,-61.0
34485.0,555.0
33506.0,16.0
30915.0,-755.0
29251.0,371.0
29497.0,447.0
28279.0,619.0
27194.0,504.0
26847.0,187.0
27414.0,664.0
26543.0,773.0
25291.0,461.0
26880.0,630.0
27894.0,384.0
17941.0,1741.0
38181.0,-2229.0
41692.0,-388.0
42529.0,309.0
39331.0,-1309.0
39342.0,-398.0
43952.0,4902.0
39085.0,1535.0
35984.0,-126.0
34570.0,640.0
33144.0,-186.0
33096.0,-394.0
32875.0,335.0
31176.0,-194.0
28940.0,60.0
27019.0,359.0
27632.0,882.0
26659.0,889.0
25871.0,801.0
25479.0,649.0
28033.0,-67.0
26261.0,-1299.0
25861.0,-1649.0
16530.0,-1600.0
38855.0,-1555.0
41436.0,-644.0
42422.0,202.0
40450.0,-190.0
38615.0,-1125.0
41474.0,2424.0
39073.0,1523.0
35495.0,-615.0
36888.0,408.0
34363.0,-2087.0
37442.0,-498.0
37119.0,-811.0
38215.0,1615.0
36094.0,854.0
34119.0,189.0
33671.0,341.0
33909.0,419.0
33756.0,1216.0
30990.0,-680.0
29580.0,190.0
29503.0,513.0
29319.0,439.0
29319.0,569.0
29498.0,448.0
28435.0,295.0
28571.0,561.0
28065.0,405.0
26441.0,-249.0
27196.0,586.0
27143.0,483.0
27692.0,942.0
26703.0,933.0
25880.0,810.0
25582.0,752.0
25521.0,711.0
26160.0,560.0
25743.0,473.0
25468.0,638.0
25212.0,882.0
24836.0,686.0
25070.0,750.0
25364.0,114.0
26995.0,745.0
27314.0,874.0
28708.0,608.0
28219.0,659.0
27827.0,317.0
38658.0,-1752.0
41159.0,-921.0
42376.0,156.0
40594.0,-46.0
39406.0,-334.0
42353.0,3303.0
39044.0,1494.0
37543.0,1433.0
36283.0,-197.0
34722.0,-1728.0
37660.0,-280.0
38719.0,789.0
38243.0,1643.0
36704.0,1464.0
34326.0,396.0
34313.0,983.0
34044.0,554.0
33725.0,1185.0
32040.0,670.0
32063.0,393.0
31763.0,443.0
30815.0,455.0
30235.0,5.0
29949.0,559.0
29328.0,338.0
29325.0,445.0
29387.0,637.0
29616.0,566.0
28747.0,607.0
28758.0,748.0
28353.0,693.0
27408.0,718.0
27447.0,837.0
27346.0,686.0
27903.0,1153.0
26826.0,1056.0
25984.0,914.0
25463.0,633.0
25863.0,1053.0
26383.0,783.0
26027.0,757.0
25533.0,703.0
25162.0,832.0
24750.0,600.0
25313.0,993.0
25185.0,-65.0
26824.0,574.0
27417.0,977.0
28071.0,641.0
28454.0,744.0
24511.0,-1269.0
23276.0,146.0
23860.0,2230.0
21984.0,1184.0
21977.0,1517.0
23821.0,4141.0
23318.0,4388.0
21407.0,3197.0
19438.0,2008.0
20300.0,1420.0
21188.0,1058.0
38907.0,-1503.0
41186.0,-894.0
42258.0,38.0
40603.0,-37.0
39112.0,-628.0
42148.0,3098.0
39177.0,1627.0
36412.0,302.0
37045.0,565.0
34114.0,-2336.0
37492.0,-448.0
38425.0,495.0
38405.0,1805.0
36535.0,1295.0
34583.0,653.0
34019.0,689.0
34016.0,526.0
33527.0,987.0
32002.0,632.0
32114.0,444.0
31754.0,434.0
30983.0,623.0
30786.0,556.0
29892.0,502.0
29554.0,564.0
29443.0,563.0
29265.0,515.0
29591.0,541.0
28779.0,639.0
28799.0,789.0
28534.0,874.0
27523.0,833.0
27429.0,819.0
27464.0,804.0
28040.0,1290.0
26917.0,1147.0
26046.0,976.0
25730.0,900.0
25718.0,908.0
26268.0,668.0
25928.0,658.0
25724.0,894.0
25272.0,942.0
25106.0,956.0
25390.0,1070.0
25152.0,-98.0
26987.0,737.0
27986.0,556.0
27909.0,199.0
24000.0,870.0
20801.0,341.0
22110.0,2430.0
20709.0,2499.0
16351.0,-1779.0
24399.0,4269.0
38929.0,-1481.0
41358.0,-722.0
42291.0,71.0
40462.0,-178.0
39256.0,-484.0
42275.0,3225.0
39470.0,1920.0
36215.0,105.0
37034.0,554.0
34047.0,-2403.0
37798.0,-142.0
38713.0,783.0
37841.0,1241.0
36224.0,984.0
34220.0,290.0
33992.0,662.0
33966.0,476.0
33467.0,927.0
31954.0,584.0
31958.0,288.0
31863.0,543.0
31097.0,737.0
30712.0,482.0
29846.0,456.0
29486.0,496.0
29450.0,570.0
29337.0,587.0
29639.0,589.0
28804.0,664.0
28766.0,756.0
28572.0,912.0
27667.0,977.0
27594.0,984.0
27700.0,1040.0
28021.0,1271.0
26932.0,1162.0
26180.0,1110.0
25891.0,1061.0
25787.0,977.0
26278.0,678.0
26074.0,804.0
25700.0,870.0
25426.0,1096.0
25357.0,1207.0
25561.0,1241.0
25385.0,135.0
27273.0,1023.0
27363.0,923.0
26849.0,79.0
23474.0,-406.0
38900.0,-1510.0
41151.0,-929.0
42234.0,14.0
40364.0,-276.0
39350.0,-390.0
42187.0,3137.0
39405.0,1855.0
36385.0,275.0
36693.0,213.0
34410.0,-2040.0
38039.0,99.0
38664.0,734.0
38246.0,1646.0
36715.0,1475.0
34522.0,592.0
33769.0,439.0
34037.0,547.0
33517.0,977.0
31937.0,567.0
31984.0,314.0
31772.0,452.0
30990.0,630.0
30583.0,353.0
29811.0,421.0
29597.0,607.0
29537.0,657.0
29366.0,616.0
29656.0,606.0
28842.0,702.0
28790.0,780.0
28595.0,935.0
27747.0,1057.0
27715.0,1105.0
27732.0,1072.0
28108.0,1358.0
27064.0,1294.0
26250.0,1180.0
25967.0,1137.0
25819.0,1009.0
26324.0,724.0
26026.0,756.0
25676.0,846.0
25364.0,1034.0
25361.0,1211.0
25604.0,1284.0
25308.0,58.0
27215.0,965.0
27290.0,850.0
28038.0,608.0
28761.0,1201.0
28488.0,978.0
28535.0,825.0
38826.0,-1584.0
41384.0,-696.0
42238.0,18.0
40426.0,-214.0
39242.0,-498.0
42193.0,3143.0
39516.0,1966.0
36596.0,486.0
37261.0,781.0
34494.0,-1956.0
37823.0,-117.0
38506.0,576.0
38156.0,1556.0
36688.0,1448.0
34356.0,426.0
33794.0,464.0
34001.0,511.0
33610.0,1070.0
31994.0,624.0
31936.0,266.0
31965.0,645.0
31139.0,779.0
30696.0,466.0
29913.0,523.0
29612.0,622.0
29574.0,694.0
29542.0,792.0
29649.0,599.0
28892.0,752.0
28770.0,760.0
28591.0,931.0
27796.0,1106.0
27790.0,1180.0
27802.0,1142.0
28121.0,1371.0
27115.0,1345.0
26244.0,1174.0
25994.0,1164.0
25811.0,1001.0
26226.0,626.0
26107.0,837.0
25660.0,830.0
25332.0,1002.0
25324.0,1174.0
25547.0,1227.0
25343.0,93.0
27100.0,850.0
27281.0,841.0
28185.0,755.0
29149.0,1049.0
29404.0,1844.0
29417.0,1707.0
28786.0,1076.0
38888.0,-1522.0
41163.0,-917.0
42276.0,56.0
40368.0,-272.0
39103.0,-637.0
42322.0,3272.0
39346.0,1796.0
36479.0,369.0
37234.0,754.0
34569.0,-1881.0
37658.0,-282.0
38599.0,669.0
38143.0,1543.0
36634.0,1394.0
34342.0,412.0
33828.0,498.0
34100.0,610.0
33601.0,1061.0
32119.0,749.0
32184.0,514.0
32118.0,798.0
31185.0,825.0
30697.0,467.0
30069.0,679.0
29677.0,687.0
29584.0,704.0
29611.0,861.0
29662.0,612.0
28887.0,747.0
28745.0,735.0
28666.0,1006.0
27870.0,1180.0
27841.0,1231.0
27827.0,1167.0
28085.0,1335.0
27163.0,1393.0
26241.0,1171.0
25990.0,1160.0
25796.0,986.0
26176.0,576.0
25939.0,669.0
25739.0,909.0
25350.0,1020.0
25295.0,1145.0
25531.0,1211.0
25314.0,64.0
27206.0,956.0
27139.0,699.0
27799.0,369.0
28807.0,707.0
28456.0,896.0
28424.0,914.0
24494.0,-1516.0
24600.0,-890.0
28770.0,3360.0
25313.0,1433.0
24106.0,1616.0
25927.0,4297.0
38889.0,-1521.0
41542.0,-538.0
42368.0,148.0
40451.0,-189.0
38410.0,-1330.0
42447.0,3397.0
39467.0,1917.0
36627.0,517.0
37413.0,933.0
34692.0,-1758.0
37785.0,-155.0
38824.0,894.0
38315.0,1715.0
36490.0,1250.0
34377.0,447.0
33776.0,446.0
34096.0,606.0
33684.0,1144.0
32216.0,846.0
32054.0,384.0
31954.0,634.0
31012.0,652.0
30799.0,569.0
30064.0,674.0
29708.0,718.0
29668.0,788.0
29561.0,811.0
29760.0,710.0
28944.0,804.0
28794.0,784.0
28708.0,1048.0
27918.0,1228.0
27804.0,1194.0
27816.0,1156.0
28107.0,1357.0
27308.0,1538.0
26283.0,1213.0
26134.0,1304.0
25820.0,1010.0
26118.0,518.0
26087.0,817.0
25668.0,838.0
25506.0,1176.0
25263.0,1113.0
25491.0,1171.0
25250.0,0.0
27123.0,873.0
27284.0,844.0
28016.0,586.0
29004.0,904.0
39083.0,-1327.0
41470.0,-610.0
42387.0,167.0
40385.0,-255.0
39173.0,-567.0
42198.0,3148.0
39411.0,1861.0
36658.0,548.0
36945.0,465.0
34834.0,-1616.0
37628.0,-312.0
38722.0,792.0
38319.0,1719.0
36565.0,1325.0
34447.0,517.0
33850.0,520.0
34178.0,688.0
33951.0,1411.0
32430.0,1060.0
32140.0,470.0
32252.0,932.0
31478.0,1118.0
30811.0,581.0
30294.0,904.0
29613.0,623.0
29578.0,698.0
29645.0,895.0
29698.0,648.0
28902.0,762.0
28744.0,734.0
28530.0,870.0
27921.0,1231.0
27770.0,1160.0
27664.0,1004.0
28157.0,1407.0
27269.0,1499.0
26035.0,965.0
25369.0,539.0
25090.0,280.0
25317.0,987.0
24636.0,486.0
24937.0,617.0
25110.0,-140.0
26536.0,286.0
27709.0,1269.0
39119.0,-1291.0
41667.0,-413.0
42443.0,223.0
40590.0,-50.0
39713.0,-27.0
42174.0,3124.0
39666.0,2116.0
36872.0,762.0
38045.0,1565.0
36754.0,304.0
39011.0,1071.0
39704.0,1774.0
38408.0,1808.0
36840.0,1600.0
34739.0,809.0
33228.0,-102.0
39679.0,-731.0
41811.0,-269.0
42670.0,450.0
40813.0,173.0
40360.0,620.0
42548.0,3498.0
39681.0,2131.0
36811.0,701.0
38267.0,1787.0
35935.0,-515.0
38035.0,95.0
39151.0,1221.0
38325.0,1725.0
36537.0,1297.0
34267.0,337.0
33164.0,-166.0
39812.0,-598.0
41870.0,-210.0
42521.0,301.0
40478.0,-162.0
40278.0,-132.0
41356.0,-724.0
42391.0,171.0
29022.0,-828.0
30058.0,-462.0
30023.0,-337.0
31222.0,-1088.0
30558.0,-2602.0
35498.0,1078.0
34589.0,909.0
31165.0,-205.0
30672.0,-658.0
33917.0,1947.0
33312.0,72.0
29537.0,-5083.0
29852.0,-6208.0
40747.0,-573.0
41944.0,334.0
38744.0,-1666.0
42619.0,539.0
40115.0,375.0
42975.0,3925.0
40317.0,2767.0
38015.0,1905.0
34804.0,-1646.0
29102.0,-748.0
30229.0,-291.0
30153.0,-207.0
26999.0,-5311.0
31481.0,-609.0
31002.0,-2158.0
29498.0,-1872.0
29559.0,-1771.0
33071.0,-169.0
29205.0,-5415.0
42021.0,411.0
42990.0,5440.0
35978.0,-132.0
36987.0,1747.0
29406.0,-444.0
30299.0,-221.0
30242.0,-118.0
31054.0,-2106.0
28960.0,-2370.0
32466.0,496.0
32131.0,-1109.0
28191.0,-6429.0
41064.0,654.0
44076.0,5026.0
36349.0,-131.0
28948.0,-902.0
30223.0,-137.0
46531.0,7481.0
36125.0,-355.0
32386.0,1066.0
28710.0,-1520.0
29418.0,-432.0
29947.0,-573.0
30154.0,-206.0
34901.0,1221.0
29230.0,-2100.0
28934.0,-5686.0
38771.0,1221.0
36881.0,1641.0
34239.0,309.0
32361.0,1041.0
31343.0,1113.0
29177.0,-673.0
29897.0,-623.0
30123.0,-237.0
29998.0,-2312.0
31552.0,-538.0
31202.0,-1958.0
34642.0,962.0
31204.0,-126.0
32374.0,404.0
30919.0,-2321.0
29480.0,-5140.0
41937.0,327.0
37950.0,1470.0
33875.0,1335.0
32437.0,1117.0
31424.0,1194.0
27757.0,1067.0
27758.0,1148.0
28301.0,1551.0
27359.0,2089.0
27129.0,879.0
23542.0,1912.0
22159.0,1359.0
22400.0,1940.0
29462.0,-388.0
30097.0,-423.0
30324.0,-36.0
30008.0,-1082.0
31709.0,-601.0
32057.0,-33.0
31492.0,-1668.0
33495.0,-925.0
34793.0,1113.0
32975.0,415.0
30638.0,-732.0
29674.0,-1656.0
33443.0,1473.0
30480.0,-2760.0
29677.0,-4943.0
32900.0,-3160.0
32840.0,-4720.0
41245.0,-75.0
41538.0,-72.0
39385.0,-1025.0
41928.0,-152.0
43015.0,795.0
41064.0,424.0
41636.0,1896.0
42913.0,3863.0
40190.0,2640.0
37126.0,1016.0
37527.0,1047.0
35537.0,-913.0
37985.0,45.0
39829.0,1899.0
39470.0,2870.0
36544.0,1304.0
35244.0,1314.0
34058.0,728.0
31201.0,971.0
30061.0,1071.0
28863.0,1203.0
28541.0,1931.0
28629.0,1879.0
27447.0,1197.0
24001.0,-299.0
22133.0,503.0
22587.0,2127.0
29452.0,-398.0
30510.0,-10.0
30287.0,-73.0
31974.0,-336.0
32152.0,62.0
31349.0,-1811.0
35560.0,1880.0
32185.0,-205.0
30965.0,-405.0
30641.0,-689.0
32792.0,822.0
32628.0,-612.0
29825.0,-4795.0
35329.0,-2231.0
39778.0,708.0
39345.0,-1975.0
41923.0,313.0
39337.0,-1073.0
41988.0,-92.0
43207.0,987.0
42541.0,1901.0
39880.0,140.0
43591.0,4541.0
39716.0,2166.0
37592.0,1482.0
38112.0,1632.0
35946.0,-504.0
38804.0,864.0
40097.0,2167.0
39283.0,2683.0
37547.0,2307.0
35403.0,1473.0
34377.0,1047.0
34820.0,1330.0
34442.0,1902.0
32572.0,1202.0
33161.0,1491.0
32419.0,1099.0
31539.0,1179.0
31324.0,1094.0
30408.0,1018.0
30000.0,1120.0
29722.0,1582.0
29758.0,1748.0
28965.0,1305.0
26314.0,-376.0
25867.0,97.0
27620.0,2790.0
26036.0,1226.0
27499.0,5869.0
29352.0,-498.0
30028.0,-492.0
30367.0,7.0
29980.0,-1110.0
31800.0,-510.0
31749.0,-341.0
31516.0,-1644.0
34036.0,-384.0
34642.0,962.0
32243.0,-147.0
32864.0,304.0
31660.0,290.0
30090.0,-1240.0
32332.0,362.0
30815.0,-2425.0
29672.0,-4948.0
33077.0,-2983.0
36025.0,-1535.0
39959.0,889.0
40046.0,-14.0
42165.0,845.0
41932.0,322.0
39319.0,-1091.0
42859.0,779.0
43031.0,811.0
41314.0,674.0
40350.0,610.0
43675.0,4625.0
40334.0,2784.0
37046.0,936.0
38251.0,1771.0
35913.0,-537.0
38720.0,780.0
40107.0,2177.0
38898.0,2298.0
37543.0,2303.0
35473.0,1543.0
34392.0,1062.0
35153.0,1663.0
34593.0,2053.0
32755.0,1385.0
32750.0,1080.0
32505.0,1185.0
31368.0,1008.0
31305.0,1075.0
30523.0,1133.0
30263.0,1513.0
28515.0,375.0
28609.0,599.0
29423.0,-427.0
30103.0,-417.0
30380.0,20.0
29933.0,-1157.0
31622.0,-688.0
31854.0,-236.0
31579.0,-1581.0
33836.0,-584.0
35237.0,1557.0
32440.0,50.0
32847.0,287.0
32072.0,702.0
29855.0,-1475.0
32378.0,408.0
30903.0,-2337.0
29768.0,-4852.0
33107.0,-2953.0
33360.0,-4200.0
39918.0,848.0
42389.0,1069.0
42097.0,487.0
39736.0,-674.0
42418.0,338.0
43160.0,940.0
41656.0,1016.0
40717.0,977.0
43552.0,4502.0
40557.0,3007.0
37285.0,1175.0
38233.0,1753.0
35667.0,-783.0
38903.0,963.0
40185.0,2255.0
39446.0,2846.0
37670.0,2430.0
35270.0,1340.0
34730.0,1400.0
35133.0,1643.0
34644.0,2104.0
32664.0,1294.0
32376.0,706.0
32412.0,1092.0
31514.0,1154.0
31312.0,1082.0
30661.0,1271.0
29824.0,834.0
29667.0,787.0
29354.0,604.0
29795.0,745.0
29413.0,1273.0
29275.0,1265.0
28782.0,1122.0
25169.0,-81.0
29487.0,-363.0
30089.0,-431.0
30290.0,-70.0
30123.0,-967.0
31555.0,-755.0
31823.0,-267.0
31540.0,-1620.0
34413.0,-7.0
34567.0,887.0
32259.0,-131.0
32554.0,-6.0
31938.0,568.0
30182.0,-1148.0
32406.0,436.0
30963.0,-2277.0
29741.0,-4879.0
32926.0,-3134.0
35294.0,-2266.0
39629.0,559.0
40022.0,-38.0
41303.0,-17.0
42130.0,520.0
39557.0,-853.0
42415.0,335.0
43358.0,1138.0
41853.0,1213.0
40690.0,950.0
43738.0,4688.0
40718.0,3168.0
37634.0,1524.0
38068.0,1588.0
35942.0,-508.0
39097.0,1157.0
40208.0,2278.0
39916.0,3316.0
37546.0,2306.0
35259.0,1329.0
34762.0,1432.0
35240.0,1750.0
34715.0,2175.0
32941.0,1571.0
32955.0,1285.0
32468.0,1148.0
31582.0,1222.0
31378.0,1148.0
30702.0,1312.0
29549.0,-301.0
30092.0,-428.0
30256.0,-104.0
29954.0,-1136.0
32005.0,-305.0
31915.0,-175.0
31560.0,-1600.0
34238.0,-182.0
34876.0,1196.0
32306.0,-84.0
32844.0,284.0
32131.0,761.0
30257.0,-1073.0
32346.0,376.0
31003.0,-2237.0
29937.0,-4683.0
33409.0,-2651.0
35811.0,-1749.0
39842.0,772.0
40860.0,800.0
41932.0,612.0
42181.0,571.0
39530.0,-880.0
42424.0,344.0
43404.0,1184.0
42053.0,1413.0
40877.0,1137.0
43956.0,4906.0
40767.0,3217.0
37713.0,1603.0
38358.0,1878.0
36320.0,-130.0
39459.0,1519.0
40503.0,2573.0
39999.0,3399.0
37814.0,2574.0
35491.0,1561.0
34947.0,1617.0
35284.0,1794.0
34909.0,2369.0
32943.0,1573.0
32852.0,1182.0
32554.0,1234.0
31459.0,1099.0
31279.0,1049.0
30604.0,1214.0
30136.0,1146.0
30246.0,1366.0
30122.0,1372.0
29897.0,847.0
29553.0,1413.0
29442.0,1432.0
29367.0,1707.0
27753.0,1063.0
27944.0,1334.0
29345.0,2685.0
29833.0,3083.0
29463.0,-387.0
30435.0,-85.0
30468.0,108.0
30345.0,-745.0
31773.0,-537.0
31952.0,-138.0
31589.0,-1571.0
34449.0,29.0
34825.0,1145.0
32866.0,476.0
32910.0,350.0
32037.0,667.0
30476.0,-854.0
32592.0,622.0
31132.0,-2108.0
29963.0,-4657.0
33484.0,-2576.0
36018.0,-1542.0
39779.0,709.0
41112.0,1052.0
41825.0,505.0
42171.0,561.0
39849.0,-561.0
42430.0,350.0
43695.0,1475.0
42277.0,1637.0
41492.0,1752.0
44144.0,5094.0
40791.0,3241.0
37913.0,1803.0
38395.0,1915.0
36500.0,50.0
39715.0,1775.0
40574.0,2644.0
40036.0,3436.0
37898.0,2658.0
35625.0,1695.0
35238.0,1908.0
35435.0,1945.0
34975.0,2435.0
33003.0,1633.0
32893.0,1223.0
32618.0,1298.0
31416.0,1056.0
31389.0,1159.0
30798.0,1408.0
30572.0,1582.0
30574.0,1694.0
30392.0,1642.0
30422.0,1372.0
30213.0,2073.0
29579.0,-271.0
30526.0,6.0
30550.0,190.0
30350.0,-740.0
32499.0,189.0
32239.0,149.0
31560.0,-1600.0
34977.0,557.0
35310.0,1630.0
33354.0,964.0
33659.0,1099.0
32466.0,1096.0
30592.0,-738.0
32909.0,939.0
31345.0,-1895.0
30513.0,-4107.0
33961.0,-2099.0
36476.0,-1084.0
40070.0,1000.0
41080.0,1020.0
41965.0,645.0
42167.0,557.0
39680.0,-730.0
42432.0,352.0
43870.0,1650.0
42370.0,1730.0
41405.0,1665.0
44520.0,5470.0
41067.0,3517.0
37924.0,1814.0
38452.0,1972.0
36615.0,165.0
39730.0,1790.0
40633.0,2703.0
40126.0,3526.0
38288.0,3048.0
29560.0,-290.0
30539.0,19.0
30516.0,156.0
30328.0,-762.0
32247.0,-63.0
32225.0,135.0
31753.0,-1407.0
34953.0,533.0
36391.0,2711.0
33114.0,724.0
33320.0,760.0
33250.0,1880.0
30304.0,-1026.0
33086.0,1116.0
31503.0,-1737.0
30667.0,-3953.0
35137.0,-923.0
37828.0,268.0
41035.0,1965.0
41335.0,1275.0
42116.0,796.0
42294.0,684.0
39892.0,-518.0
42398.0,318.0
43927.0,1707.0
42160.0,1520.0
41558.0,1818.0
44784.0,5734.0
41122.0,3572.0
38061.0,1951.0
38559.0,2079.0
36517.0,67.0
39553.0,1613.0
40503.0,2573.0
39911.0,3311.0
37464.0,2224.0
29649.0,-201.0
30992.0,472.0
31188.0,828.0
31751.0,661.0
32836.0,526.0
32389.0,299.0
31847.0,-1313.0
35727.0,2047.0
33050.0,660.0
33414.0,2044.0
32441.0,1111.0
33041.0,1071.0
31416.0,-1824.0
30427.0,-4193.0
36476.0,416.0
37524.0,-36.0
40174.0,1104.0
41448.0,1388.0
41640.0,320.0
42296.0,686.0
40030.0,-380.0
42225.0,145.0
44160.0,1940.0
30641.0,791.0
30733.0,213.0
30871.0,511.0
30985.0,-345.0
33569.0,1599.0
32783.0,-457.0
29777.0,-4843.0
34760.0,-1300.0
36431.0,-1129.0
38862.0,-208.0
40004.0,-56.0
44987.0,3667.0
42124.0,514.0
41139.0,729.0
41607.0,-613.0
28606.0,-474.0
30900.0,980.0
30211.0,321.0
31403.0,313.0
30072.0,152.0
30287.0,397.0
26828.0,838.0
27542.0,2282.0
28686.0,-394.0
29698.0,-272.0
30850.0,30.0
31467.0,-23.0
31453.0,163.0
31233.0,-177.0
31283.0,193.0
31236.0,1036.0
29875.0,545.0
30109.0,189.0
31364.0,584.0
30280.0,390.0
29902.0,102.0
29960.0,-360.0
30315.0,-935.0
32733.0,523.0
31773.0,463.0
31831.0,221.0
32362.0,262.0
33480.0,400.0
33165.0,785.0
32845.0,945.0
33183.0,2063.0
34356.0,4116.0
30788.0,1428.0
29408.0,878.0
29644.0,1284.0
29764.0,2224.0
27682.0,942.0
27023.0,1033.0
27592.0,2332.0
25396.0,866.0
25684.0,434.0
26862.0,1112.0
26666.0,1336.0
25960.0,1230.0
25754.0,884.0
25872.0,1082.0
24304.0,234.0
25996.0,1186.0
26691.0,1631.0
28600.0,-480.0
29447.0,-523.0
30839.0,19.0
31283.0,-207.0
31106.0,-184.0
31339.0,-71.0
31219.0,129.0
31113.0,913.0
29551.0,221.0
29984.0,64.0
31173.0,393.0
30457.0,567.0
30130.0,330.0
30001.0,-319.0
29839.0,-1411.0
32806.0,596.0
31613.0,303.0
31400.0,-210.0
32448.0,348.0
33567.0,487.0
33157.0,777.0
33156.0,1256.0
33195.0,2075.0
33727.0,3487.0
30817.0,1457.0
29455.0,925.0
28954.0,854.0
29754.0,1394.0
29917.0,2377.0
27668.0,928.0
26985.0,995.0
27559.0,2299.0
25534.0,1004.0
25976.0,726.0
26719.0,969.0
26704.0,1374.0
25726.0,996.0
25578.0,708.0
25789.0,999.0
24200.0,130.0
25923.0,1113.0
26657.0,1597.0
26978.0,2638.0
25382.0,1742.0
24999.0,1119.0
25819.0,1319.0
28648.0,-432.0
29688.0,-282.0
30852.0,32.0
31239.0,-251.0
30957.0,-333.0
31510.0,100.0
31298.0,208.0
31203.0,1003.0
29717.0,387.0
29989.0,69.0
31196.0,416.0
30188.0,298.0
30434.0,634.0
30228.0,-92.0
29919.0,-1331.0
32749.0,539.0
31604.0,294.0
31593.0,-17.0
32505.0,405.0
33620.0,540.0
33384.0,1004.0
33224.0,1324.0
32914.0,1794.0
33597.0,3357.0
30799.0,1439.0
29584.0,1054.0
28773.0,673.0
29777.0,1417.0
29978.0,2438.0
27470.0,730.0
26933.0,943.0
27594.0,2334.0
25560.0,1030.0
25911.0,661.0
26589.0,839.0
26610.0,1280.0
25542.0,812.0
25537.0,667.0
25544.0,754.0
24012.0,-58.0
25817.0,1007.0
26948.0,1888.0
25297.0,1657.0
25165.0,1285.0
26304.0,1804.0
26420.0,1680.0
27258.0,1758.0
27829.0,859.0
28675.0,-405.0
29621.0,-349.0
30747.0,-73.0
31233.0,-257.0
30971.0,-319.0
31471.0,61.0
31362.0,272.0
31264.0,1064.0
29795.0,465.0
30114.0,194.0
31226.0,446.0
30402.0,512.0
30455.0,655.0
30442.0,122.0
30066.0,-1184.0
32657.0,447.0
31435.0,125.0
31516.0,-94.0
32358.0,258.0
33577.0,497.0
33578.0,1198.0
33464.0,1564.0
33193.0,2073.0
33888.0,3648.0
30941.0,1581.0
29767.0,1237.0
29033.0,933.0
29931.0,1571.0
30026.0,2486.0
27547.0,807.0
27103.0,1113.0
27738.0,2478.0
25493.0,963.0
25849.0,599.0
26597.0,847.0
26571.0,1241.0
25688.0,958.0
25398.0,528.0
25445.0,655.0
23992.0,-78.0
25765.0,955.0
26991.0,1931.0
27507.0,3167.0
26682.0,3042.0
25372.0,1492.0
26215.0,1715.0
26523.0,1783.0
27229.0,1729.0
27991.0,1931.0
29600.0,1800.0
27952.0,2922.0
28725.0,-355.0
29766.0,-204.0
30815.0,-5.0
31243.0,-247.0
31083.0,-207.0
31514.0,104.0
31276.0,186.0
31195.0,995.0
29698.0,368.0
30168.0,248.0
31221.0,441.0
30517.0,627.0
30589.0,789.0
30404.0,84.0
30005.0,-1245.0
32821.0,611.0
31364.0,54.0
31494.0,-116.0
32714.0,614.0
33711.0,631.0
33685.0,1305.0
33523.0,1623.0
33203.0,2083.0
33529.0,3289.0
31105.0,1745.0
30205.0,1675.0
29544.0,1444.0
29997.0,1637.0
30045.0,2505.0
27471.0,731.0
27031.0,1041.0
27526.0,2266.0
25258.0,728.0
25697.0,447.0
26488.0,738.0
26610.0,1280.0
25574.0,844.0
25459.0,589.0
25611.0,821.0
24031.0,-39.0
25791.0,981.0
27045.0,1985.0
27699.0,3359.0
26362.0,2722.0
25725.0,1845.0
26566.0,2066.0
26774.0,2034.0
27804.0,2304.0
29033.0,2563.0
28677.0,1707.0
30246.0,2446.0
29261.0,2441.0
28658.0,2268.0
27959.0,2319.0
27441.0,2541.0
27429.0,2539.0
27278.0,2328.0
27320.0,2520.0
27068.0,2448.0
27505.0,2125.0
28896.0,2736.0
28939.0,3069.0
28630.0,3600.0
28970.0,-110.0
29864.0,-106.0
30776.0,-44.0
31172.0,-318.0
30903.0,-387.0
31421.0,11.0
31224.0,134.0
31111.0,911.0
29717.0,387.0
30227.0,307.0
31180.0,400.0
30554.0,664.0
30570.0,770.0
30606.0,286.0
30184.0,-1066.0
33005.0,795.0
32057.0,747.0
32105.0,495.0
32634.0,534.0
33723.0,643.0
33559.0,1179.0
33396.0,1496.0
33143.0,2023.0
33664.0,3424.0
31121.0,1761.0
29884.0,1354.0
29436.0,1336.0
29873.0,1513.0
30205.0,2665.0
27551.0,811.0
27068.0,1078.0
27574.0,2314.0
26399.0,649.0
29020.0,-60.0
29890.0,-80.0
30993.0,173.0
31441.0,-49.0
31081.0,-209.0
31592.0,182.0
31470.0,380.0
31144.0,944.0
29905.0,575.0
30410.0,490.0
31319.0,539.0
30770.0,880.0
30904.0,1104.0
31906.0,1586.0
31575.0,325.0
35056.0,2846.0
33520.0,2210.0
32955.0,1345.0
32947.0,847.0
34011.0,931.0
33813.0,1433.0
33630.0,1730.0
33433.0,2313.0
30129.0,769.0
30431.0,2071.0
27593.0,853.0
27620.0,1630.0
31856.0,6596.0
30802.0,1722.0
30462.0,492.0
31007.0,187.0
31866.0,776.0
31879.0,1679.0
30972.0,192.0
29631.0,-259.0
30542.0,742.0
31895.0,-205.0
31013.0,-397.0
31374.0,284.0
32033.0,1833.0
30061.0,-719.0
29574.0,-316.0
29591.0,-209.0
32838.0,738.0
30689.0,-131.0
32420.0,1110.0
33418.0,1038.0
21006.0,-3684.0
21030.0,-3660.0
22322.0,-3128.0
25920.0,-170.0
26621.0,201.0
26154.0,-116.0
27342.0,272.0
27791.0,81.0
31969.0,2049.0
31281.0,31.0
21444.0,-3246.0
23841.0,-1609.0
26251.0,21.0
26163.0,73.0
26478.0,58.0
26153.0,-117.0
27427.0,357.0
28051.0,211.0
27792.0,82.0
28693.0,163.0
28898.0,8.0
28760.0,360.0
28165.0,-95.0
29225.0,235.0
29280.0,200.0
30712.0,742.0
31461.0,641.0
32126.0,636.0
31857.0,567.0
32362.0,952.0
32330.0,1240.0
32247.0,2047.0
30511.0,1181.0
30991.0,1071.0
32481.0,1701.0
31621.0,1731.0
31032.0,1232.0
31477.0,227.0
33515.0,1305.0
32585.0,1275.0
32856.0,1246.0
33484.0,1384.0
34445.0,1365.0
34317.0,1937.0
33967.0,2067.0
34045.0,2925.0
35821.0,5581.0
31914.0,2554.0
30070.0,1540.0
29384.0,1284.0
30617.0,2257.0
30985.0,3445.0
28188.0,1448.0
27530.0,1540.0
26695.0,2165.0
21130.0,-3560.0
23387.0,-2063.0
26207.0,-23.0
26234.0,144.0
26341.0,-79.0
26182.0,-88.0
27374.0,304.0
28021.0,181.0
27713.0,3.0
28661.0,131.0
28912.0,282.0
29234.0,344.0
28374.0,-26.0
27947.0,-313.0
29278.0,288.0
29336.0,256.0
29790.0,-180.0
31575.0,755.0
32051.0,561.0
31873.0,583.0
32416.0,1006.0
32318.0,1228.0
32425.0,2225.0
30595.0,1265.0
31135.0,1215.0
32535.0,1755.0
31705.0,1815.0
31102.0,1302.0
31483.0,1163.0
31443.0,193.0
33677.0,1467.0
32844.0,1534.0
33081.0,1471.0
33642.0,1542.0
34649.0,1569.0
34467.0,2087.0
34317.0,2417.0
34285.0,3165.0
36014.0,5774.0
31928.0,2568.0
30035.0,1505.0
29681.0,1581.0
30927.0,2567.0
31337.0,3797.0
28307.0,1567.0
27929.0,1939.0
28687.0,3427.0
26811.0,2281.0
26539.0,1289.0
27667.0,1917.0
26956.0,1626.0
27208.0,2478.0
25380.0,510.0
27888.0,3078.0
21445.0,-3245.0
23076.0,-2374.0
26171.0,-59.0
26256.0,166.0
26266.0,-154.0
26107.0,-163.0
27410.0,340.0
28031.0,191.0
27742.0,32.0
28878.0,348.0
28891.0,261.0
29052.0,162.0
28575.0,175.0
28149.0,-111.0
29141.0,151.0
29731.0,651.0
30408.0,438.0
31564.0,744.0
32076.0,586.0
31926.0,636.0
32389.0,979.0
32331.0,1241.0
32397.0,2197.0
30694.0,1364.0
31198.0,1278.0
32754.0,1974.0
31739.0,1849.0
31439.0,1639.0
31702.0,1382.0
31623.0,373.0
33827.0,1617.0
33031.0,1721.0
33247.0,1637.0
34028.0,1928.0
34929.0,1849.0
34886.0,2506.0
34740.0,2840.0
34602.0,3482.0
36150.0,5910.0
31926.0,2566.0
30056.0,1526.0
29557.0,1457.0
31273.0,2913.0
31341.0,3801.0
21514.0,-3176.0
23134.0,-2316.0
26132.0,-98.0
26163.0,73.0
26339.0,-81.0
25996.0,-274.0
27296.0,226.0
28059.0,219.0
27834.0,124.0
29014.0,484.0
29150.0,520.0
29642.0,752.0
29132.0,732.0
28510.0,250.0
29620.0,630.0
29944.0,864.0
30564.0,594.0
31511.0,691.0
32024.0,534.0
31865.0,575.0
32256.0,846.0
32179.0,1089.0
32322.0,2122.0
30701.0,1371.0
31202.0,1282.0
32690.0,1910.0
32041.0,2151.0
31541.0,1741.0
31805.0,1485.0
31314.0,64.0
33693.0,1483.0
32993.0,1683.0
33378.0,1768.0
34055.0,1955.0
34889.0,1809.0
34653.0,2273.0
34648.0,2748.0
34802.0,3682.0
36108.0,5868.0
32145.0,2785.0
21260.0,-3430.0
22721.0,-2729.0
26347.0,117.0
26248.0,158.0
26545.0,125.0
26135.0,-135.0
27468.0,398.0
27993.0,153.0
27881.0,171.0
28996.0,466.0
29693.0,1063.0
30207.0,1317.0
29148.0,748.0
28501.0,241.0
29813.0,823.0
30320.0,1240.0
30501.0,531.0
31519.0,699.0
31960.0,470.0
31738.0,448.0
32236.0,826.0
32194.0,1104.0
32284.0,2084.0
30635.0,1305.0
31486.0,1566.0
32805.0,2025.0
32437.0,2547.0
32329.0,2529.0
31718.0,1398.0
30896.0,-354.0
33589.0,1379.0
32987.0,1677.0
33307.0,1697.0
34035.0,1935.0
35194.0,2114.0
34878.0,2498.0
34940.0,3040.0
34969.0,3849.0
36081.0,5841.0
31897.0,2537.0
34096.0,5566.0
20692.0,-3998.0
23496.0,-1954.0
26569.0,149.0
28552.0,712.0
31005.0,1925.0
32407.0,2437.0
31555.0,735.0
34059.0,2569.0
31422.0,12.0
31553.0,463.0
31508.0,2178.0
33910.0,1700.0
34085.0,1985.0
34731.0,4491.0
22878.0,-1812.0
23730.0,-1720.0
27010.0,590.0
27012.0,742.0
28427.0,587.0
28331.0,71.0
31069.0,-221.0
31326.0,236.0
31611.0,1691.0
32522.0,1742.0
31137.0,-113.0
33997.0,1787.0
32671.0,1361.0
32973.0,1363.0
34148.0,2048.0
35355.0,2275.0
34811.0,2431.0
34617.0,2717.0
34146.0,3026.0
35142.0,4902.0
20274.0,-156.0
19590.0,-270.0
19837.0,-293.0
20051.0,-199.0
20554.0,-396.0
19966.0,-1254.0
21040.0,-920.0
20327.0,-2223.0
22286.0,-954.0
29660.0,1030.0
20292.0,-138.0
19601.0,-259.0
19949.0,-181.0
19967.0,-283.0
20696.0,-254.0
19727.0,-653.0
20043.0,-1177.0
21615.0,-345.0
20427.0,-2123.0
19667.0,-3573.0
28460.0,2040.0
27476.0,406.0
28854.0,454.0
20206.0,-224.0
19610.0,-250.0
19899.0,-231.0
20177.0,-73.0
20729.0,-221.0
19671.0,-709.0
20066.0,-1154.0
21342.0,-618.0
20481.0,-2069.0
20011.0,-3229.0
21382.0,-2568.0
26911.0,491.0
26286.0,16.0
28997.0,1287.0
29977.0,1087.0
29145.0,745.0
31328.0,1408.0
31176.0,1286.0
31371.0,1571.0
20231.0,-199.0
19603.0,-257.0
19874.0,-256.0
20328.0,78.0
20557.0,-393.0
19586.0,-794.0
20058.0,-1162.0
21336.0,-624.0
20504.0,-2046.0
19702.0,-3538.0
22529.0,-2921.0
26616.0,526.0
27263.0,843.0
26355.0,85.0
27955.0,885.0
28680.0,840.0
28344.0,634.0
29351.0,821.0
29485.0,855.0
29988.0,1098.0
29283.0,883.0
29891.0,901.0
30294.0,2194.0
20303.0,-127.0
19695.0,-165.0
20051.0,-79.0
20404.0,154.0
20741.0,-209.0
19902.0,-478.0
19979.0,-1241.0
21249.0,-711.0
20545.0,-2005.0
19809.0,-3431.0
21334.0,-2616.0
21966.0,-2724.0
23117.0,-2333.0
26841.0,611.0
26819.0,729.0
27271.0,851.0
26749.0,479.0
28019.0,949.0
28732.0,892.0
28583.0,873.0
29559.0,929.0
29865.0,975.0
29359.0,959.0
29105.0,845.0
29948.0,958.0
31155.0,1185.0
31951.0,1131.0
32674.0,1584.0
32649.0,1869.0
32074.0,1754.0
31784.0,534.0
33207.0,1597.0
32006.0,2646.0
30547.0,2017.0
30186.0,2086.0
20433.0,3.0
19782.0,-78.0
20045.0,-85.0
20263.0,13.0
20912.0,-38.0
19792.0,-588.0
19903.0,-1317.0
21140.0,-820.0
20212.0,-2338.0
19665.0,-3575.0
20862.0,-3088.0
21606.0,-3084.0
22880.0,-2570.0
26908.0,678.0
26861.0,771.0
27353.0,933.0
27072.0,802.0
28091.0,1021.0
28777.0,937.0
28685.0,975.0
29378.0,848.0
29714.0,1084.0
30012.0,1122.0
29506.0,1106.0
29222.0,962.0
30115.0,1125.0
30194.0,1114.0
30873.0,903.0
32073.0,783.0
32743.0,1653.0
32735.0,2535.0
31129.0,1799.0
32707.0,1927.0
31248.0,1358.0
31665.0,1865.0
33923.0,2023.0
30408.0,1878.0
28982.0,2242.0
27786.0,1796.0
27489.0,2229.0
26586.0,2056.0
26810.0,2000.0
20523.0,93.0
19574.0,-286.0
20200.0,70.0
20421.0,171.0
20961.0,11.0
19768.0,-612.0
19788.0,-1432.0
21537.0,-423.0
19876.0,-2674.0
19452.0,-3788.0
21014.0,-2936.0
20882.0,-3808.0
22485.0,-2965.0
26907.0,677.0
26936.0,846.0
27281.0,861.0
26991.0,721.0
28195.0,1125.0
28847.0,1007.0
28726.0,1016.0
29626.0,1096.0
29700.0,1070.0
30046.0,1156.0
29613.0,1213.0
29183.0,923.0
30267.0,1277.0
30520.0,1440.0
31482.0,1512.0
32264.0,1444.0
32683.0,1193.0
32169.0,879.0
32510.0,2310.0
31186.0,1856.0
31883.0,1963.0
33086.0,2306.0
31905.0,2015.0
31677.0,1877.0
32140.0,1820.0
33940.0,2330.0
34462.0,2362.0
31524.0,2994.0
20297.0,-133.0
19750.0,-110.0
20460.0,330.0
20211.0,-39.0
20909.0,-41.0
19788.0,-592.0
19844.0,-1376.0
21323.0,-637.0
19638.0,-2912.0
19511.0,-3729.0
21032.0,-2918.0
20974.0,-3716.0
21893.0,-3557.0
27149.0,919.0
26994.0,904.0
27190.0,770.0
27103.0,833.0
28302.0,1232.0
28950.0,1110.0
28796.0,1086.0
29676.0,1146.0
29674.0,1044.0
30045.0,1155.0
29583.0,1183.0
29102.0,842.0
30240.0,1250.0
30592.0,1512.0
31459.0,1489.0
32226.0,1406.0
32618.0,1128.0
32611.0,1321.0
32987.0,1577.0
32650.0,1560.0
32532.0,2332.0
31542.0,2212.0
31935.0,2015.0
32942.0,2162.0
32162.0,2272.0
32224.0,2424.0
32677.0,2357.0
32267.0,1017.0
35486.0,3276.0
33810.0,1710.0
36100.0,4200.0
20601.0,171.0
19890.0,30.0
20087.0,-43.0
20121.0,-129.0
20894.0,-56.0
20002.0,-378.0
19900.0,-1320.0
21259.0,-701.0
19754.0,-2796.0
19547.0,-3693.0
21260.0,-2690.0
21345.0,-3345.0
22515.0,-2935.0
26932.0,702.0
26865.0,775.0
27183.0,763.0
26928.0,658.0
28279.0,1209.0
28923.0,1083.0
28649.0,939.0
29518.0,988.0
29556.0,926.0
29931.0,1041.0
29463.0,1063.0
29083.0,823.0
30370.0,1380.0
30764.0,1684.0
31373.0,1403.0
32129.0,1309.0
32724.0,1234.0
32299.0,1009.0
32605.0,1195.0
32652.0,1562.0
32768.0,2568.0
31469.0,2139.0
31948.0,2028.0
32768.0,1988.0
32176.0,2286.0
32221.0,2421.0
32589.0,2269.0
32430.0,1180.0
34981.0,2771.0
34700.0,3390.0
34762.0,3152.0
35818.0,3718.0
34995.0,3095.0
36443.0,6203.0
33436.0,4076.0
19568.0,-292.0
20423.0,173.0
22669.0,1719.0
20510.0,130.0
20474.0,-746.0
21512.0,-448.0
19715.0,-2835.0
19967.0,-3273.0
21153.0,-2797.0
21608.0,-3082.0
23522.0,-1928.0
26729.0,499.0
27228.0,1138.0
27114.0,694.0
26856.0,586.0
28122.0,1052.0
28874.0,1034.0
28493.0,783.0
29294.0,764.0
30010.0,1120.0
29296.0,896.0
28962.0,702.0
30443.0,1453.0
31066.0,1986.0
32808.0,2838.0
32939.0,1649.0
34814.0,3724.0
34053.0,3853.0
32176.0,2256.0
32567.0,2677.0
32121.0,1801.0
34516.0,3266.0
37379.0,5169.0
22909.0,1959.0
21792.0,-168.0
20090.0,-2460.0
21288.0,-1952.0
21957.0,-2733.0
27157.0,887.0
28056.0,986.0
28344.0,504.0
28332.0,622.0
29921.0,1031.0
28980.0,720.0
30400.0,1320.0
32829.0,2509.0
20502.0,72.0
19885.0,25.0
20442.0,312.0
23004.0,2054.0
20239.0,-141.0
21008.0,-212.0
22318.0,358.0
21855.0,-695.0
20192.0,-3048.0
22023.0,-1927.0
23511.0,-1939.0
28088.0,1668.0
27644.0,1374.0
28176.0,1106.0
28202.0,492.0
29780.0,1380.0
29301.0,1041.0
30589.0,1599.0
30389.0,1309.0
30841.0,871.0
31239.0,-251.0
31927.0,637.0
32455.0,1365.0
30849.0,1519.0
32238.0,2348.0
31475.0,1675.0
32585.0,2265.0
32832.0,1582.0
37068.0,4858.0
33236.0,1926.0
33615.0,2005.0
32955.0,855.0
16446.0,-94.0
17100.0,-80.0
17578.0,518.0
16286.0,-194.0
16299.0,-591.0
17286.0,-234.0
17898.0,-172.0
18850.0,430.0
18761.0,311.0
18049.0,289.0
18122.0,292.0
17998.0,138.0
17554.0,114.0
17396.0,136.0
17920.0,80.0
17460.0,-1100.0
18495.0,-835.0
20020.0,-50.0
21471.0,291.0
21283.0,233.0
20865.0,365.0
21259.0,319.0
20944.0,514.0
20252.0,392.0
20492.0,362.0
20677.0,427.0
21115.0,165.0
20538.0,158.0
16456.0,-84.0
16988.0,-192.0
17553.0,493.0
16373.0,-107.0
16339.0,-551.0
17489.0,-31.0
18130.0,60.0
18398.0,-22.0
18513.0,63.0
17868.0,108.0
18089.0,259.0
18136.0,276.0
17536.0,96.0
17438.0,178.0
17848.0,8.0
17443.0,-1117.0
18594.0,-736.0
20195.0,125.0
20829.0,29.0
20259.0,-91.0
21774.0,594.0
21560.0,510.0
20948.0,448.0
21244.0,304.0
21064.0,634.0
20257.0,397.0
20500.0,370.0
20665.0,415.0
21193.0,243.0
20580.0,200.0
20687.0,-533.0
21910.0,-50.0
21065.0,-1485.0
20488.0,-2752.0
21260.0,-2690.0
22199.0,-2491.0
16588.0,48.0
16985.0,-195.0
17731.0,671.0
16191.0,-289.0
16761.0,-129.0
17679.0,159.0
17935.0,-135.0
18526.0,106.0
18792.0,342.0
17871.0,111.0
18102.0,272.0
18439.0,579.0
17706.0,266.0
17530.0,270.0
17919.0,79.0
17455.0,-1105.0
18287.0,-1043.0
19813.0,-257.0
20641.0,-159.0
20114.0,-236.0
21407.0,227.0
21570.0,520.0
20799.0,299.0
21252.0,312.0
21032.0,602.0
20376.0,516.0
20602.0,472.0
20654.0,404.0
21186.0,236.0
20394.0,14.0
20716.0,-504.0
21896.0,-64.0
21273.0,-1277.0
20393.0,-2847.0
21192.0,-2758.0
22199.0,-2491.0
22622.0,-2828.0
16650.0,110.0
17102.0,-78.0
17744.0,684.0
16223.0,-257.0
16851.0,-39.0
17751.0,231.0
18093.0,23.0
18536.0,116.0
18770.0,320.0
18060.0,300.0
17934.0,104.0
18189.0,329.0
17605.0,165.0
17570.0,310.0
17947.0,107.0
17494.0,-1066.0
18697.0,-633.0
19705.0,-365.0
20290.0,-510.0
19967.0,-383.0
21072.0,-108.0
21433.0,383.0
20805.0,305.0
21218.0,278.0
20980.0,550.0
20374.0,514.0
20608.0,478.0
20600.0,350.0
21072.0,122.0
20268.0,-112.0
20481.0,-739.0
21906.0,-54.0
21160.0,-1390.0
20312.0,-2928.0
21112.0,-2838.0
21963.0,-2727.0
22680.0,-2770.0
16681.0,141.0
17246.0,66.0
17878.0,818.0
16365.0,-115.0
16813.0,-77.0
17524.0,4.0
18101.0,31.0
18272.0,-148.0
18564.0,114.0
18026.0,266.0
17777.0,-53.0
18279.0,419.0
17726.0,286.0
17399.0,139.0
17932.0,92.0
17468.0,-1092.0
18745.0,-585.0
19835.0,-235.0
20979.0,179.0
20090.0,-260.0
21234.0,54.0
21512.0,462.0
20943.0,443.0
21264.0,324.0
20993.0,563.0
20341.0,481.0
20525.0,395.0
20543.0,293.0
20970.0,20.0
20194.0,-186.0
20292.0,-928.0
21836.0,-124.0
20931.0,-1619.0
20189.0,-3051.0
20976.0,-2974.0
21927.0,-2763.0
22708.0,-2742.0
27377.0,1147.0
27157.0,1067.0
27191.0,921.0
29795.0,1535.0
30770.0,1780.0
34216.0,3126.0
31361.0,2031.0
32108.0,2308.0
16591.0,51.0
17156.0,-24.0
17855.0,795.0
16464.0,-16.0
16433.0,-457.0
17405.0,-115.0
17969.0,-101.0
18266.0,-154.0
18472.0,22.0
17981.0,221.0
18004.0,174.0
18345.0,485.0
18138.0,698.0
17346.0,86.0
17897.0,57.0
17458.0,-1102.0
18644.0,-686.0
20044.0,-26.0
21034.0,234.0
20431.0,81.0
21225.0,45.0
21608.0,558.0
20933.0,433.0
22247.0,1307.0
21064.0,634.0
20309.0,449.0
20539.0,409.0
20496.0,246.0
21119.0,169.0
20169.0,-211.0
20359.0,-861.0
21636.0,-324.0
20651.0,-1899.0
20103.0,-3137.0
20958.0,-2992.0
21991.0,-2699.0
22593.0,-2857.0
27434.0,1204.0
27584.0,1494.0
16627.0,87.0
17019.0,-161.0
17938.0,878.0
17126.0,646.0
16483.0,-407.0
17304.0,-216.0
18034.0,-36.0
18536.0,116.0
18518.0,68.0
18215.0,455.0
17938.0,108.0
18083.0,223.0
17699.0,259.0
17485.0,225.0
18086.0,246.0
17640.0,-920.0
18960.0,-370.0
20106.0,36.0
20589.0,-211.0
20561.0,211.0
21172.0,-8.0
21422.0,372.0
20955.0,455.0
21247.0,307.0
21143.0,713.0
20314.0,454.0
20499.0,369.0
20714.0,464.0
21104.0,154.0
20237.0,-143.0
20426.0,-794.0
21694.0,-266.0
20501.0,-2049.0
20027.0,-3213.0
20817.0,-3133.0
22224.0,-2466.0
22690.0,-2760.0
27514.0,1284.0
27424.0,1334.0
27612.0,1342.0
31669.0,1349.0
29095.0,995.0
30220.0,1860.0
16669.0,129.0
17148.0,-32.0
17571.0,511.0
16803.0,323.0
16564.0,-326.0
17751.0,231.0
18165.0,95.0
20037.0,1617.0
18728.0,278.0
18031.0,271.0
18330.0,500.0
18574.0,714.0
17657.0,217.0
17530.0,270.0
18158.0,318.0
17630.0,-930.0
18813.0,-517.0
19974.0,-96.0
21060.0,260.0
20644.0,294.0
21989.0,809.0
21854.0,804.0
21174.0,674.0
21719.0,779.0
21274.0,844.0
20321.0,461.0
20455.0,325.0
20674.0,424.0
21149.0,199.0
20290.0,-90.0
20724.0,-496.0
21657.0,-303.0
20784.0,-1766.0
19899.0,-3341.0
20777.0,-3173.0
21970.0,-2720.0
23005.0,-2445.0
27412.0,1182.0
27423.0,1333.0
28167.0,1747.0
28028.0,1758.0
29230.0,2160.0
29598.0,1758.0
29846.0,2136.0
30447.0,1817.0
32189.0,3299.0
31968.0,3568.0
30273.0,2013.0
30923.0,1933.0
32418.0,3338.0
32667.0,2697.0
33924.0,2514.0
33250.0,3360.0
33424.0,3624.0
36823.0,4923.0
37916.0,7676.0
31072.0,1712.0
16665.0,125.0
17098.0,-82.0
16527.0,47.0
16407.0,-483.0
17152.0,-368.0
17342.0,-728.0
18186.0,-234.0
18267.0,437.0
18982.0,1122.0
17855.0,595.0
18828.0,988.0
18128.0,-432.0
19034.0,-296.0
19714.0,-356.0
21541.0,741.0
20538.0,188.0
21178.0,-2.0
21515.0,465.0
21055.0,555.0
21688.0,748.0
21298.0,868.0
20946.0,1086.0
20796.0,666.0
20868.0,618.0
21443.0,493.0
20839.0,459.0
20263.0,-957.0
21239.0,-721.0
20316.0,-2234.0
19988.0,-3252.0
20630.0,-3320.0
21709.0,-2981.0
22269.0,-3181.0
27348.0,1118.0
27815.0,1725.0
28078.0,1658.0
28317.0,2047.0
31739.0,2849.0
31891.0,3491.0
31679.0,3419.0
32605.0,3615.0
32694.0,2724.0
35515.0,4425.0
33757.0,3557.0
34575.0,4655.0
34083.0,4193.0
34288.0,4488.0
35248.0,4928.0
37201.0,4991.0
28466.0,756.0
17215.0,35.0
23002.0,4582.0
20019.0,2759.0
20599.0,219.0
28152.0,6932.0
18618.0,-262.0
19232.0,-388.0
20058.0,-302.0
20605.0,475.0
19781.0,281.0
19566.0,106.0
19880.0,600.0
18666.0,96.0
18234.0,104.0
18141.0,21.0
17955.0,505.0
16982.0,152.0
16193.0,-7.0
16419.0,-71.0
16504.0,374.0
16342.0,122.0
16895.0,215.0
16796.0,256.0
17378.0,198.0
17914.0,854.0
16239.0,-241.0
16680.0,-210.0
17698.0,178.0
18269.0,199.0
18555.0,135.0
18783.0,333.0
18257.0,497.0
18232.0,402.0
18591.0,731.0
18047.0,607.0
17863.0,603.0
18208.0,368.0
17830.0,-730.0
19141.0,-189.0
20362.0,292.0
21096.0,296.0
20788.0,438.0
21745.0,565.0
21966.0,916.0
21106.0,606.0
21607.0,667.0
18645.0,-235.0
19226.0,-394.0
20139.0,-221.0
20690.0,560.0
19771.0,271.0
19650.0,190.0
19772.0,492.0
18624.0,54.0
18092.0,-38.0
18574.0,454.0
18186.0,736.0
17393.0,563.0
16462.0,262.0
17013.0,523.0
16560.0,430.0
16452.0,232.0
17027.0,347.0
16950.0,410.0
17456.0,276.0
18760.0,1700.0
17471.0,991.0
17401.0,511.0
18323.0,803.0
18481.0,411.0
18631.0,211.0
19029.0,579.0
18305.0,545.0
18305.0,475.0
18526.0,666.0
18045.0,605.0
17948.0,688.0
18270.0,430.0
17796.0,-764.0
19188.0,-142.0
20258.0,188.0
21015.0,215.0
20841.0,491.0
21779.0,599.0
22017.0,967.0
21190.0,690.0
21561.0,621.0
20764.0,514.0
18799.0,-81.0
19347.0,-273.0
20219.0,-141.0
20733.0,603.0
20069.0,569.0
19994.0,534.0
19856.0,576.0
18622.0,52.0
18093.0,-37.0
18361.0,241.0
18337.0,887.0
17422.0,592.0
16899.0,699.0
17157.0,667.0
16699.0,569.0
16651.0,431.0
17071.0,391.0
16904.0,364.0
17380.0,200.0
18415.0,1355.0
17448.0,968.0
17390.0,500.0
18117.0,597.0
18791.0,721.0
18912.0,492.0
19228.0,778.0
18273.0,513.0
18294.0,464.0
18537.0,677.0
18037.0,597.0
18014.0,754.0
18347.0,507.0
17851.0,-709.0
19268.0,-62.0
20237.0,167.0
20995.0,195.0
20871.0,521.0
21826.0,646.0
21948.0,898.0
21223.0,723.0
21480.0,540.0
21684.0,1254.0
21514.0,564.0
18761.0,-119.0
19489.0,-131.0
20346.0,-14.0
20381.0,251.0
19556.0,56.0
19729.0,269.0
19961.0,681.0
18901.0,331.0
18048.0,-82.0
18774.0,654.0
18129.0,679.0
17223.0,393.0
16606.0,406.0
17039.0,549.0
16544.0,414.0
16601.0,381.0
17720.0,1040.0
16954.0,414.0
17446.0,266.0
18015.0,955.0
17131.0,651.0
17434.0,544.0
18095.0,575.0
18531.0,461.0
18534.0,114.0
18933.0,483.0
18201.0,441.0
18207.0,377.0
18680.0,820.0
18051.0,611.0
18080.0,820.0
18440.0,600.0
17881.0,-679.0
19153.0,-177.0
20192.0,122.0
20864.0,64.0
20846.0,496.0
21776.0,596.0
21895.0,845.0
21122.0,622.0
21385.0,445.0
21712.0,1282.0
20907.0,1047.0
18837.0,-43.0
19319.0,-301.0
20310.0,-50.0
20957.0,827.0
19953.0,453.0
19527.0,67.0
20067.0,787.0
18873.0,303.0
18060.0,-70.0
18955.0,835.0
18086.0,636.0
17408.0,578.0
16538.0,338.0
17529.0,1039.0
16711.0,581.0
16425.0,205.0
17240.0,560.0
17007.0,467.0
17421.0,241.0
18461.0,1401.0
17394.0,914.0
17271.0,381.0
18186.0,666.0
18663.0,593.0
19017.0,597.0
19144.0,694.0
18273.0,513.0
18137.0,307.0
18852.0,992.0
18125.0,685.0
18137.0,877.0
18505.0,665.0
17831.0,-729.0
19084.0,-246.0
20137.0,67.0
20876.0,76.0
20753.0,403.0
21644.0,464.0
21882.0,832.0
21088.0,588.0
21487.0,547.0
21430.0,1000.0
21446.0,496.0
18802.0,-78.0
19404.0,-216.0
19880.0,-480.0
20894.0,764.0
19503.0,3.0
19494.0,34.0
20040.0,760.0
18566.0,-4.0
18021.0,-109.0
19012.0,892.0
18173.0,723.0
17010.0,810.0
17819.0,1329.0
16217.0,87.0
16088.0,-132.0
16623.0,-57.0
17215.0,35.0
18043.0,983.0
17044.0,154.0
18633.0,563.0
18853.0,403.0
18331.0,571.0
18062.0,232.0
18804.0,944.0
18314.0,874.0
18233.0,973.0
18523.0,683.0
18028.0,-532.0
18905.0,-425.0
20099.0,29.0
20761.0,-39.0
20705.0,355.0
21637.0,457.0
21952.0,902.0
21153.0,653.0
21398.0,458.0
21450.0,1020.0
20477.0,617.0
20610.0,480.0
21002.0,752.0
21328.0,378.0
21165.0,785.0
20538.0,-682.0
18966.0,86.0
19485.0,-135.0
21001.0,641.0
20872.0,742.0
20332.0,872.0
20754.0,1474.0
19806.0,1236.0
20009.0,2559.0
16509.0,309.0
16509.0,289.0
16648.0,-32.0
16561.0,21.0
17345.0,165.0
18019.0,959.0
18431.0,1541.0
19027.0,607.0
19026.0,576.0
18337.0,577.0
18073.0,243.0
18550.0,690.0
18489.0,1049.0
17677.0,417.0
18452.0,612.0
18073.0,-487.0
19035.0,-295.0
19750.0,-320.0
20240.0,-560.0
20641.0,291.0
21700.0,520.0
21618.0,568.0
21125.0,625.0
21347.0,407.0
23534.0,3104.0
20500.0,640.0
21012.0,762.0
21658.0,-892.0
21391.0,-1849.0
21959.0,-1991.0
22648.0,-2042.0
23405.0,-2045.0
29534.0,2464.0
32791.0,3901.0
31528.0,3268.0
33683.0,4603.0
35920.0,5720.0
33344.0,4014.0
35165.0,5275.0
34220.0,4420.0
36300.0,4090.0
19501.0,-119.0
21801.0,1441.0
18568.0,448.0
17008.0,788.0
18011.0,951.0
18007.0,487.0
19039.0,1279.0
17558.0,-272.0
19056.0,1196.0
17926.0,666.0
17576.0,-984.0
19032.0,-298.0
20076.0,6.0
20257.0,-543.0
20584.0,234.0
21552.0,372.0
21354.0,304.0
20918.0,418.0
21148.0,208.0
20277.0,417.0
32275.0,3645.0
33001.0,4111.0
35000.0,3710.0
36493.0,6293.0
35447.0,5557.0
35303.0,5503.0
37645.0,6395.0
38700.0,6490.0
19501.0,-119.0
18132.0,302.0
19045.0,1185.0
20097.0,27.0
21519.0,339.0
20934.0,2364.0
19535.0,-85.0
20001.0,501.0
17018.0,-162.0
20029.0,2269.0
19037.0,1207.0
18433.0,573.0
18039.0,-1291.0
19821.0,-979.0
19160.0,-1190.0
21071.0,571.0
21133.0,193.0
20955.0,525.0
20069.0,209.0
19100.0,-1030.0
19920.0,-4030.0
23700.0,-1750.0
31074.0,3234.0
29703.0,1993.0
30969.0,2439.0
31227.0,2597.0
30092.0,1102.0
31310.0,1340.0
31946.0,1126.0
35607.0,6277.0
35202.0,4882.0
33756.0,2506.0
38460.0,6250.0
15002.0,-5358.0
16017.0,-1163.0
18476.0,646.0
19041.0,1201.0
21258.0,2698.0
21046.0,696.0
22243.0,1193.0
22994.0,2494.0
23163.0,2223.0
19668.0,48.0
20105.0,-255.0
20141.0,861.0
17929.0,-201.0
17160.0,480.0
16876.0,336.0
18045.0,865.0
18102.0,272.0
18427.0,-453.0
20576.0,216.0
20998.0,868.0
18088.0,-1412.0
18460.0,-820.0
17982.0,-588.0
17369.0,-761.0
17890.0,440.0
16650.0,-30.0
16851.0,311.0
17734.0,554.0
18093.0,263.0
18595.0,-285.0
18395.0,-1225.0
20112.0,-248.0
20398.0,268.0
19585.0,85.0
19581.0,301.0
18739.0,169.0
18402.0,272.0
16700.0,-130.0
16690.0,150.0
17338.0,158.0
17389.0,329.0
18500.0,50.0
17691.0,-69.0
18015.0,185.0
25609.0,-331.0
24953.0,-377.0
25166.0,-334.0
25794.0,-356.0
25392.0,-18.0
24043.0,-397.0
24843.0,-537.0
25432.0,-348.0
25135.0,-55.0
23925.0,-375.0
23472.0,-158.0
23673.0,-207.0
22951.0,-179.0
22926.0,436.0
23483.0,1853.0
21461.0,661.0
21190.0,730.0
21594.0,1914.0
21520.0,2590.0
19835.0,1625.0
17747.0,237.0
18293.0,413.0
18677.0,577.0
17336.0,-94.0
16958.0,-1172.0
18794.0,-86.0
19385.0,-235.0
20046.0,-314.0
20507.0,377.0
19282.0,-218.0
19470.0,10.0
20044.0,764.0
18995.0,425.0
18331.0,201.0
18536.0,416.0
18231.0,781.0
17320.0,490.0
16192.0,-8.0
16479.0,-11.0
16171.0,41.0
16114.0,-106.0
17054.0,374.0
17326.0,786.0
17689.0,509.0
18313.0,1253.0
17059.0,579.0
17297.0,407.0
18403.0,883.0
18735.0,665.0
18864.0,444.0
19158.0,708.0
18691.0,931.0
18509.0,679.0
19136.0,1276.0
18167.0,907.0
25632.0,-308.0
24923.0,-407.0
25229.0,-271.0
25780.0,-370.0
25442.0,32.0
24114.0,-326.0
24988.0,-392.0
25504.0,-276.0
25082.0,-108.0
23696.0,-604.0
23451.0,-179.0
23625.0,-255.0
22920.0,-210.0
22862.0,372.0
23468.0,1838.0
21406.0,606.0
21166.0,706.0
21633.0,1953.0
21709.0,2779.0
20052.0,1842.0
18367.0,857.0
18463.0,583.0
18956.0,856.0
17467.0,37.0
17080.0,-1050.0
18897.0,17.0
19325.0,-295.0
19988.0,-372.0
20458.0,328.0
19256.0,-244.0
19514.0,54.0
20024.0,744.0
19296.0,726.0
18302.0,172.0
18525.0,405.0
18385.0,935.0
17432.0,602.0
16235.0,35.0
16425.0,-65.0
16155.0,25.0
16208.0,-12.0
16991.0,311.0
17288.0,748.0
17656.0,476.0
18242.0,1182.0
17104.0,624.0
17309.0,419.0
18352.0,832.0
18599.0,529.0
18748.0,328.0
19049.0,599.0
18765.0,1005.0
18724.0,894.0
18696.0,836.0
18314.0,874.0
18531.0,-29.0
21135.0,1065.0
21896.0,1546.0
23388.0,2208.0
25695.0,-245.0
24872.0,-458.0
25196.0,-304.0
25804.0,-346.0
25443.0,33.0
24104.0,-336.0
24837.0,-543.0
25413.0,-367.0
25114.0,-76.0
23891.0,-409.0
23516.0,-114.0
23655.0,-225.0
22788.0,-342.0
22831.0,341.0
23430.0,1800.0
21301.0,501.0
21027.0,567.0
21427.0,1747.0
21760.0,2830.0
20188.0,1978.0
18454.0,944.0
18252.0,372.0
18793.0,693.0
17579.0,149.0
17209.0,-921.0
18998.0,118.0
19319.0,-301.0
20110.0,-250.0
20597.0,467.0
19406.0,-94.0
19739.0,279.0
19905.0,625.0
18895.0,325.0
18118.0,-12.0
18636.0,516.0
18332.0,882.0
17407.0,577.0
16524.0,324.0
16596.0,106.0
16268.0,138.0
16193.0,-27.0
17038.0,358.0
17300.0,760.0
17583.0,403.0
18336.0,1276.0
17088.0,608.0
17140.0,250.0
18159.0,639.0
18512.0,442.0
18699.0,279.0
19018.0,568.0
18812.0,1052.0
18762.0,932.0
18841.0,981.0
17882.0,-678.0
21349.0,169.0
25613.0,-327.0
25002.0,-328.0
25237.0,-263.0
25772.0,-378.0
25423.0,13.0
24066.0,-374.0
24938.0,-442.0
25338.0,-442.0
25354.0,164.0
24187.0,-113.0
23556.0,-74.0
23752.0,-128.0
22810.0,-320.0
22886.0,396.0
23338.0,1708.0
21156.0,356.0
21047.0,587.0
21275.0,1595.0
21438.0,2508.0
20240.0,2030.0
18158.0,648.0
18079.0,649.0
17144.0,-986.0
19062.0,182.0
19524.0,-96.0
20380.0,20.0
20708.0,578.0
20092.0,592.0
20136.0,856.0
18242.0,-328.0
18349.0,219.0
18783.0,663.0
18265.0,815.0
17001.0,801.0
17215.0,1085.0
16254.0,34.0
17164.0,484.0
17165.0,625.0
18582.0,1522.0
17095.0,615.0
17036.0,146.0
18548.0,478.0
18788.0,368.0
19491.0,1041.0
25695.0,-245.0
25076.0,-254.0
25261.0,-239.0
25740.0,-410.0
25444.0,34.0
24251.0,-189.0
25005.0,-375.0
25437.0,-343.0
25427.0,237.0
24067.0,-233.0
23392.0,-238.0
23826.0,-54.0
22887.0,-243.0
22952.0,462.0
23346.0,1716.0
21414.0,614.0
20893.0,433.0
21392.0,1712.0
20787.0,1857.0
19072.0,1192.0
19194.0,1094.0
17589.0,-541.0
18841.0,-39.0
19539.0,-81.0
20274.0,144.0
20157.0,877.0
17768.0,-362.0
17603.0,-517.0
17040.0,210.0
17025.0,825.0
16655.0,435.0
16841.0,161.0
18626.0,1566.0
17160.0,680.0
17295.0,405.0
18147.0,627.0
18501.0,431.0
18671.0,251.0
18987.0,537.0
17734.0,474.0
18101.0,-459.0
18988.0,-342.0
21892.0,842.0
25602.0,-338.0
25188.0,-142.0
25373.0,-127.0
25828.0,-322.0
25475.0,65.0
24183.0,-257.0
24815.0,-565.0
25315.0,-465.0
25742.0,552.0
23942.0,312.0
24132.0,252.0
23150.0,20.0
22767.0,277.0
23325.0,1695.0
20512.0,-288.0
20868.0,408.0
20819.0,1139.0
20607.0,1677.0
17089.0,-341.0
17066.0,-1064.0
18927.0,47.0
19638.0,18.0
20111.0,-249.0
21013.0,883.0
20104.0,824.0
18179.0,49.0
19975.0,1855.0
18740.0,1910.0
15604.0,-596.0
16363.0,-127.0
16716.0,586.0
16494.0,274.0
18041.0,1361.0
18532.0,1992.0
18154.0,1094.0
17268.0,378.0
18776.0,706.0
18967.0,547.0
20794.0,2344.0
18258.0,818.0
17293.0,33.0
21744.0,694.0
21351.0,851.0
21511.0,-449.0
31850.0,3220.0
32908.0,4508.0
26082.0,142.0
25397.0,67.0
24983.0,-517.0
25780.0,-370.0
27372.0,1962.0
24212.0,-228.0
25000.0,-380.0
24972.0,-808.0
23331.0,-299.0
23175.0,45.0
22295.0,665.0
20988.0,528.0
21493.0,1813.0
18461.0,581.0
18862.0,732.0
18915.0,35.0
19623.0,3.0
16612.0,392.0
19588.0,3048.0
17130.0,70.0
19892.0,1442.0
25517.0,-423.0
24865.0,-465.0
25016.0,-484.0
25762.0,-388.0
25359.0,-51.0
24100.0,-340.0
24845.0,-535.0
25226.0,-554.0
25270.0,80.0
23927.0,-373.0
23303.0,-327.0
23587.0,-293.0
22798.0,-332.0
22881.0,391.0
23519.0,1889.0
21326.0,526.0
21163.0,703.0
21754.0,2074.0
21661.0,2731.0
19584.0,1374.0
17854.0,344.0
17886.0,6.0
18399.0,299.0
16992.0,-438.0
16778.0,-1352.0
18870.0,-10.0
19464.0,-156.0
20133.0,-227.0
20730.0,600.0
19599.0,99.0
19491.0,31.0
19946.0,666.0
18794.0,224.0
18451.0,321.0
18681.0,561.0
18276.0,826.0
17309.0,479.0
16346.0,146.0
16647.0,157.0
16281.0,151.0
16129.0,-91.0
17078.0,398.0
17160.0,620.0
17604.0,424.0
18328.0,1268.0
16998.0,518.0
17134.0,244.0
18260.0,740.0
18650.0,580.0
18982.0,562.0
19491.0,1041.0
25511.0,-429.0
24888.0,-442.0
25090.0,-410.0
25767.0,-383.0
25399.0,-11.0
24059.0,-381.0
25212.0,-168.0
25388.0,-392.0
25071.0,-119.0
23907.0,-393.0
23483.0,-147.0
23638.0,-242.0
23052.0,-78.0
22986.0,496.0
23505.0,1875.0
21295.0,495.0
21311.0,851.0
21608.0,1928.0
21553.0,2623.0
19779.0,1569.0
18020.0,510.0
18056.0,176.0
18536.0,436.0
17185.0,-245.0
16820.0,-1310.0
18867.0,-13.0
19441.0,-179.0
20063.0,-297.0
20751.0,621.0
19462.0,-38.0
19489.0,29.0
19979.0,699.0
19026.0,456.0
18411.0,281.0
18630.0,510.0
18292.0,842.0
17250.0,420.0
16245.0,45.0
16528.0,38.0
16147.0,17.0
16104.0,-116.0
16979.0,299.0
17114.0,574.0
17535.0,355.0
18225.0,1165.0
17088.0,608.0
17040.0,150.0
18289.0,769.0
18722.0,652.0
18937.0,517.0
19355.0,905.0
25371.0,-569.0
24820.0,-510.0
25192.0,-308.0
25560.0,-590.0
25439.0,29.0
24008.0,-432.0
24027.0,-1353.0
24789.0,-991.0
24927.0,-263.0
23890.0,-410.0
22924.0,-706.0
23613.0,-267.0
23209.0,79.0
22810.0,320.0
23507.0,1877.0
21672.0,872.0
20753.0,293.0
22071.0,2391.0
21332.0,2402.0
19408.0,1198.0
17827.0,317.0
18348.0,468.0
17663.0,-437.0
16799.0,-1331.0
18739.0,-141.0
19472.0,-148.0
20066.0,-294.0
20767.0,637.0
19540.0,40.0
19697.0,237.0
19885.0,605.0
18930.0,360.0
18610.0,480.0
18773.0,653.0
18618.0,1168.0
17385.0,555.0
16253.0,53.0
16779.0,289.0
16557.0,427.0
16151.0,-69.0
17137.0,457.0
25515.0,-425.0
24917.0,-413.0
25483.0,-17.0
25929.0,-221.0
25564.0,154.0
24103.0,-337.0
24171.0,-1209.0
25390.0,-390.0
24929.0,-261.0
23847.0,-453.0
23620.0,-260.0
23109.0,-21.0
22868.0,378.0
23513.0,1883.0
21631.0,831.0
21155.0,695.0
21879.0,2199.0
21305.0,2375.0
20010.0,1800.0
17642.0,132.0
17963.0,83.0
17711.0,-389.0
16945.0,-485.0
18726.0,-154.0
19390.0,-230.0
19947.0,-413.0
20982.0,852.0
19497.0,-3.0
19409.0,-51.0
19912.0,632.0
19108.0,538.0
18463.0,333.0
18863.0,743.0
18634.0,1184.0
17303.0,473.0
16728.0,528.0
16899.0,409.0
16606.0,476.0
16156.0,-64.0
17155.0,475.0
17389.0,849.0
17717.0,537.0
24654.0,-176.0
24723.0,-87.0
25429.0,-171.0
25085.0,-185.0
24216.0,-614.0
23864.0,-286.0
24786.0,466.0
23997.0,-1253.0
26434.0,184.0
26717.0,277.0
27198.0,-232.0
27618.0,-482.0
27144.0,-416.0
27776.0,266.0
28035.0,325.0
27880.0,170.0
27120.0,350.0
26024.0,14.0
25581.0,91.0
26104.0,164.0
25377.0,47.0
24855.0,-645.0
25955.0,-195.0
25687.0,277.0
24256.0,-184.0
24595.0,-785.0
25321.0,-459.0
25112.0,-78.0
24022.0,-278.0
23030.0,-600.0
23596.0,-284.0
23072.0,-58.0
22875.0,385.0
23621.0,1991.0
21237.0,437.0
21360.0,900.0
21970.0,2290.0
22360.0,3430.0
20263.0,2053.0
17947.0,437.0
18284.0,404.0
18427.0,327.0
17317.0,-113.0
16581.0,-1549.0
19238.0,358.0
19618.0,-2.0
20275.0,-85.0
20671.0,541.0
19819.0,319.0
19626.0,166.0
19963.0,683.0
18962.0,392.0
18414.0,284.0
18930.0,810.0
18633.0,1183.0
16726.0,526.0
17628.0,368.0
18915.0,355.0
19951.0,621.0
21854.0,1354.0
24645.0,-185.0
24822.0,12.0
25299.0,-301.0
25378.0,108.0
24380.0,-450.0
24329.0,-1.0
24242.0,92.0
25738.0,-512.0
26148.0,-292.0
27426.0,-4.0
28190.0,90.0
27838.0,278.0
27881.0,371.0
25966.0,-1744.0
28166.0,456.0
27119.0,349.0
26340.0,330.0
26267.0,327.0
25118.0,-212.0
25461.0,-39.0
25831.0,-319.0
25748.0,338.0
24104.0,-336.0
24928.0,-452.0
25124.0,-656.0
25412.0,222.0
24173.0,-127.0
23846.0,216.0
23894.0,14.0
23284.0,154.0
22928.0,438.0
23690.0,2060.0
21554.0,754.0
21293.0,833.0
22022.0,2342.0
22272.0,3342.0
20364.0,2154.0
18011.0,501.0
18108.0,228.0
18297.0,197.0
17344.0,-86.0
16534.0,-1596.0
19332.0,452.0
19611.0,-9.0
20206.0,-154.0
20741.0,611.0
19909.0,409.0
19627.0,167.0
19133.0,563.0
18215.0,695.0
18391.0,561.0
18140.0,700.0
24683.0,-147.0
24675.0,-135.0
25032.0,-568.0
24736.0,-534.0
24406.0,-424.0
24339.0,9.0
24186.0,36.0
24490.0,-760.0
25268.0,-982.0
26131.0,-309.0
26001.0,-1429.0
28014.0,-86.0
27368.0,-192.0
27789.0,279.0
27832.0,122.0
27042.0,272.0
26189.0,179.0
25543.0,53.0
26116.0,176.0
25477.0,147.0
25455.0,-45.0
25678.0,-472.0
25787.0,377.0
24339.0,-101.0
24914.0,-466.0
25287.0,-493.0
25057.0,-133.0
23874.0,-426.0
23100.0,-530.0
23888.0,8.0
23155.0,25.0
22942.0,452.0
23662.0,2032.0
21470.0,670.0
21411.0,951.0
21878.0,2198.0
22342.0,3412.0
20236.0,2026.0
17903.0,393.0
18081.0,201.0
18322.0,222.0
17358.0,-72.0
16516.0,-1614.0
19157.0,277.0
19530.0,-90.0
20320.0,-40.0
20687.0,557.0
19682.0,182.0
19573.0,113.0
19147.0,577.0
16782.0,582.0
16868.0,648.0
17432.0,892.0
17083.0,-97.0
18752.0,1692.0
17318.0,838.0
17731.0,841.0
18396.0,566.0
18670.0,1230.0
24673.0,-157.0
24849.0,39.0
25430.0,-170.0
24884.0,-386.0
24393.0,-437.0
24170.0,-160.0
24199.0,49.0
24371.0,51.0
24149.0,-1101.0
25844.0,-406.0
26332.0,-108.0
27407.0,-23.0
27700.0,-400.0
27618.0,58.0
27512.0,2.0
27939.0,229.0
27910.0,200.0
27187.0,417.0
26191.0,181.0
25646.0,156.0
26283.0,343.0
25381.0,51.0
25353.0,-147.0
25777.0,-373.0
25756.0,346.0
24295.0,-145.0
25034.0,-346.0
25242.0,-538.0
25261.0,71.0
24141.0,-159.0
23523.0,-107.0
23855.0,-25.0
23073.0,-57.0
22990.0,500.0
23592.0,1962.0
21520.0,720.0
21451.0,991.0
21841.0,2161.0
22283.0,3353.0
20115.0,1905.0
17812.0,302.0
18026.0,146.0
18251.0,151.0
17319.0,-111.0
16400.0,-1730.0
19196.0,316.0
19505.0,-115.0
20194.0,-166.0
20399.0,269.0
19509.0,9.0
19481.0,21.0
19754.0,474.0
18884.0,314.0
18082.0,-48.0
18685.0,565.0
18207.0,757.0
16904.0,74.0
16634.0,434.0
16562.0,432.0
17613.0,723.0
17959.0,519.0
18353.0,1093.0
18738.0,178.0
20679.0,609.0
21599.0,799.0
24687.0,-143.0
24757.0,-53.0
25203.0,-397.0
24855.0,-415.0
24336.0,-494.0
24121.0,-209.0
24241.0,91.0
24377.0,57.0
24411.0,-839.0
25629.0,-621.0
26057.0,-383.0
26902.0,-528.0
27996.0,-104.0
27423.0,-137.0
27636.0,126.0
27805.0,95.0
27746.0,36.0
27133.0,363.0
26186.0,176.0
25754.0,264.0
26210.0,270.0
25415.0,85.0
25484.0,-16.0
25856.0,-294.0
25773.0,363.0
24179.0,-261.0
24590.0,-790.0
25276.0,-504.0
25378.0,188.0
23989.0,-311.0
23274.0,-356.0
23788.0,-92.0
23033.0,-97.0
22982.0,492.0
23624.0,1994.0
21521.0,721.0
21444.0,984.0
21790.0,2110.0
22355.0,3425.0
20133.0,1923.0
17788.0,278.0
17964.0,84.0
18176.0,76.0
17329.0,-101.0
16376.0,-1754.0
19287.0,407.0
19511.0,-109.0
20075.0,-285.0
20338.0,208.0
19449.0,-51.0
19416.0,-44.0
19682.0,402.0
18614.0,44.0
18220.0,90.0
18640.0,520.0
18486.0,1036.0
17415.0,585.0
16893.0,693.0
17880.0,1400.0
20375.0,2615.0
24661.0,-169.0
24760.0,-50.0
25330.0,-270.0
24860.0,-410.0
24329.0,-501.0
23978.0,-352.0
24046.0,-104.0
24481.0,161.0
24400.0,-850.0
26190.0,-60.0
26148.0,-292.0
27057.0,-373.0
27904.0,-196.0
27643.0,83.0
27607.0,97.0
27769.0,59.0
28114.0,404.0
27158.0,388.0
26087.0,77.0
25775.0,285.0
26096.0,156.0
25360.0,30.0
25349.0,-151.0
25891.0,-259.0
25727.0,317.0
24114.0,-326.0
24664.0,-716.0
25109.0,-671.0
25099.0,-91.0
23918.0,-382.0
23216.0,-414.0
23830.0,-50.0
22868.0,-262.0
22870.0,380.0
23609.0,1979.0
21475.0,675.0
21401.0,941.0
21913.0,2233.0
22402.0,3472.0
20321.0,2111.0
17770.0,260.0
17917.0,37.0
18185.0,85.0
17326.0,-104.0
16394.0,-1736.0
19270.0,390.0
19510.0,-110.0
19938.0,-422.0
20332.0,202.0
19434.0,-66.0
19301.0,-159.0
19675.0,395.0
18605.0,35.0
18308.0,178.0
18507.0,387.0
18380.0,930.0
17545.0,715.0
16798.0,598.0
16401.0,181.0
24669.0,-161.0
24731.0,-79.0
25259.0,-341.0
24999.0,-271.0
24459.0,-371.0
24041.0,-289.0
24219.0,69.0
24000.0,-320.0
24234.0,-1016.0
25719.0,-531.0
26122.0,-318.0
27253.0,-177.0
28093.0,-7.0
27708.0,148.0
27814.0,304.0
27964.0,254.0
27878.0,168.0
27152.0,382.0
26376.0,366.0
25944.0,454.0
26259.0,319.0
25331.0,1.0
25226.0,-274.0
25712.0,-438.0
25633.0,223.0
24251.0,-189.0
24650.0,-730.0
25228.0,-552.0
25455.0,265.0
24352.0,52.0
23820.0,190.0
24235.0,355.0
22971.0,-159.0
22919.0,429.0
23764.0,2134.0
21487.0,687.0
21384.0,924.0
21827.0,2147.0
22371.0,3441.0
20382.0,2172.0
17552.0,42.0
17828.0,-52.0
18239.0,139.0
17364.0,-66.0
16572.0,-1558.0
19247.0,367.0
19482.0,-138.0
19883.0,-477.0
20358.0,228.0
19521.0,21.0
19308.0,-152.0
19704.0,424.0
18776.0,206.0
18365.0,235.0
19214.0,1094.0
18360.0,910.0
16909.0,709.0
16002.0,-218.0
17603.0,1123.0
19045.0,2155.0
20906.0,2486.0
17778.0,-52.0
19649.0,2209.0
20597.0,3337.0
18311.0,471.0
20347.0,1787.0
24689.0,4339.0
24657.0,3607.0
24689.0,-141.0
24807.0,-3.0
25353.0,-247.0
25285.0,15.0
24626.0,-204.0
24321.0,-9.0
24432.0,282.0
24519.0,199.0
24617.0,-633.0
26110.0,-140.0
26332.0,-108.0
27017.0,-413.0
28102.0,2.0
27772.0,212.0
27741.0,231.0
27968.0,258.0
27979.0,269.0
27383.0,613.0
26372.0,362.0
26063.0,573.0
26522.0,582.0
25258.0,-72.0
25168.0,-332.0
25617.0,-533.0
25527.0,117.0
24135.0,-305.0
24619.0,-761.0
25307.0,-473.0
26019.0,829.0
24702.0,402.0
23895.0,265.0
24171.0,291.0
23045.0,-85.0
22967.0,477.0
23762.0,2132.0
21598.0,798.0
21255.0,795.0
21855.0,2175.0
22421.0,3491.0
20436.0,2226.0
18006.0,496.0
20225.0,2125.0
17579.0,149.0
24759.0,-71.0
24804.0,-6.0
25403.0,-197.0
25566.0,296.0
24727.0,-103.0
24584.0,254.0
24435.0,285.0
25149.0,829.0
25369.0,119.0
26563.0,313.0
26847.0,407.0
27690.0,260.0
28286.0,186.0
27763.0,203.0
27643.0,133.0
28151.0,441.0
27847.0,1077.0
26894.0,884.0
26347.0,857.0
26511.0,571.0
25304.0,-26.0
25082.0,-418.0
25546.0,-604.0
25517.0,107.0
23937.0,-503.0
24831.0,-549.0
26143.0,363.0
27302.0,3002.0
24845.0,965.0
24814.0,1684.0
23178.0,688.0
23455.0,1825.0
20146.0,-654.0
21407.0,947.0
21441.0,1761.0
21636.0,2706.0
17978.0,468.0
17522.0,92.0
24844.0,14.0
24914.0,104.0
25521.0,-79.0
25590.0,320.0
24766.0,-64.0
25009.0,679.0
24472.0,322.0
25140.0,820.0
25560.0,310.0
26450.0,200.0
26915.0,475.0
27310.0,-120.0
28102.0,2.0
27786.0,226.0
27729.0,219.0
28163.0,453.0
27396.0,626.0
26757.0,747.0
26738.0,1248.0
26873.0,933.0
25216.0,-114.0
25148.0,-352.0
25739.0,-411.0
25711.0,301.0
24184.0,-256.0
24320.0,-1060.0
24925.0,-855.0
27845.0,2655.0
24579.0,279.0
23971.0,341.0
23595.0,465.0
23001.0,511.0
23486.0,1856.0
21362.0,562.0
20898.0,438.0
20465.0,785.0
22082.0,3152.0
19428.0,1328.0
17527.0,97.0
19219.0,339.0
24908.0,78.0
24605.0,-205.0
24515.0,-755.0
24520.0,190.0
23897.0,-253.0
25003.0,683.0
25622.0,372.0
26563.0,313.0
27190.0,750.0
27808.0,378.0
28488.0,388.0
27989.0,429.0
27458.0,-52.0
25523.0,-627.0
21292.0,2362.0
26432.0,-1078.0
31072.0,-298.0
30735.0,-935.0
31097.0,-223.0
30161.0,-199.0
29928.0,-302.0
29033.0,-357.0
28430.0,-560.0
28810.0,-70.0
28986.0,236.0
29321.0,271.0
27694.0,-316.0
27488.0,-172.0
26497.0,-193.0
26778.0,168.0
26751.0,91.0
27212.0,462.0
26253.0,483.0
25057.0,227.0
24965.0,155.0
25692.0,92.0
25076.0,246.0
25466.0,1146.0
26775.0,525.0
27271.0,831.0
27506.0,76.0
28276.0,176.0
27903.0,343.0
27727.0,217.0
28097.0,387.0
28499.0,789.0
27522.0,752.0
26628.0,618.0
26085.0,595.0
26412.0,472.0
25419.0,89.0
25229.0,-271.0
25843.0,-307.0
26078.0,668.0
24486.0,46.0
25272.0,-108.0
25345.0,-435.0
25117.0,-73.0
24067.0,-233.0
23626.0,-4.0
24149.0,269.0
23298.0,168.0
23168.0,678.0
23319.0,1689.0
21241.0,441.0
21397.0,937.0
22001.0,2321.0
21947.0,3017.0
18259.0,749.0
18353.0,473.0
18619.0,519.0
17934.0,504.0
17261.0,-869.0
19808.0,188.0
19514.0,54.0
19561.0,281.0
19275.0,705.0
19245.0,1125.0
19156.0,1316.0
30907.0,-763.0
31257.0,-63.0
30123.0,-237.0
29138.0,-252.0
28650.0,-340.0
28422.0,-328.0
29072.0,22.0
26890.0,200.0
26197.0,-463.0
24954.0,124.0
24925.0,115.0
25554.0,-46.0
25562.0,-688.0
27829.0,399.0
28512.0,412.0
27964.0,404.0
27462.0,-48.0
28313.0,603.0
28727.0,1017.0
27562.0,792.0
26552.0,542.0
25768.0,278.0
26275.0,335.0
25467.0,137.0
26129.0,719.0
24575.0,135.0
25340.0,-440.0
25196.0,6.0
24168.0,-132.0
23678.0,48.0
24302.0,422.0
31030.0,-340.0
30789.0,-881.0
31187.0,-133.0
30493.0,133.0
29296.0,546.0
28865.0,-185.0
26472.0,-188.0
25290.0,460.0
25039.0,229.0
25121.0,-479.0
27078.0,638.0
27972.0,542.0
28312.0,212.0
27625.0,115.0
28289.0,579.0
28067.0,357.0
27795.0,1025.0
26523.0,513.0
26026.0,536.0
26252.0,312.0
25603.0,273.0
25875.0,-275.0
26045.0,635.0
24347.0,-93.0
25150.0,-630.0
25147.0,-43.0
23520.0,-110.0
24278.0,398.0
18598.0,1088.0
19090.0,990.0
17578.0,148.0
16120.0,-2010.0
19461.0,2401.0
18995.0,1135.0
21690.0,1620.0
31084.0,-286.0
31043.0,-627.0
31020.0,-300.0
30072.0,-288.0
30032.0,-198.0
28199.0,-1191.0
28737.0,-253.0
28628.0,-252.0
28620.0,-130.0
29252.0,202.0
28009.0,-131.0
27659.0,-1.0
25998.0,-612.0
26281.0,-379.0
26988.0,238.0
26294.0,524.0
25177.0,347.0
25029.0,219.0
25646.0,46.0
25707.0,437.0
25460.0,1140.0
25968.0,-282.0
27596.0,1156.0
27900.0,470.0
28396.0,296.0
28184.0,624.0
27826.0,316.0
28324.0,614.0
28250.0,540.0
27758.0,988.0
26486.0,476.0
26125.0,635.0
26373.0,433.0
25427.0,97.0
25510.0,10.0
25987.0,-163.0
26067.0,657.0
24771.0,331.0
24477.0,-903.0
25251.0,-529.0
24977.0,-213.0
24036.0,-264.0
23319.0,-311.0
24001.0,121.0
23339.0,209.0
22875.0,385.0
23296.0,1666.0
21238.0,778.0
21694.0,2014.0
19888.0,1678.0
18512.0,1002.0
16241.0,-1889.0
21120.0,1050.0
31160.0,-210.0
31065.0,-605.0
31501.0,181.0
30486.0,126.0
30109.0,-121.0
29294.0,-96.0
28719.0,-271.0
28963.0,83.0
29006.0,256.0
29272.0,222.0
27998.0,-142.0
28287.0,277.0
27984.0,324.0
26745.0,55.0
26367.0,-243.0
26630.0,-30.0
27244.0,494.0
26383.0,613.0
25602.0,532.0
25180.0,350.0
25245.0,435.0
25782.0,182.0
25809.0,539.0
25208.0,378.0
24912.0,582.0
24959.0,809.0
25148.0,828.0
25557.0,307.0
27397.0,1147.0
27458.0,1018.0
27732.0,302.0
28216.0,116.0
28133.0,573.0
27967.0,457.0
28346.0,636.0
28234.0,524.0
27591.0,821.0
26703.0,693.0
26095.0,605.0
26401.0,461.0
25649.0,319.0
25644.0,144.0
25896.0,-254.0
26091.0,681.0
24602.0,162.0
24869.0,-511.0
25375.0,-405.0
25020.0,-170.0
24099.0,-201.0
23408.0,-222.0
23772.0,-108.0
22908.0,-222.0
23136.0,646.0
23664.0,2034.0
21527.0,727.0
21335.0,1655.0
22409.0,3479.0
20495.0,2285.0
18508.0,998.0
18392.0,512.0
18294.0,194.0
17387.0,-43.0
16839.0,-1291.0
20040.0,1160.0
20354.0,734.0
21808.0,1678.0
19302.0,732.0
19102.0,972.0
18486.0,1036.0
16682.0,462.0
24643.0,4573.0
31147.0,-223.0
31154.0,-516.0
31207.0,-113.0
30055.0,-305.0
29823.0,-407.0
29319.0,-71.0
28783.0,-207.0
28979.0,99.0
28869.0,119.0
29224.0,174.0
28094.0,-46.0
28187.0,177.0
27800.0,140.0
26689.0,-1.0
26422.0,-188.0
26489.0,-171.0
27137.0,387.0
26289.0,519.0
25523.0,453.0
25226.0,396.0
25188.0,378.0
26016.0,416.0
25154.0,-116.0
25008.0,178.0
24672.0,342.0
25190.0,1040.0
25432.0,1112.0
25428.0,178.0
27110.0,860.0
27474.0,1034.0
27828.0,398.0
28507.0,407.0
28143.0,583.0
27967.0,457.0
28376.0,666.0
28370.0,660.0
27536.0,766.0
26677.0,667.0
26104.0,614.0
26415.0,475.0
25267.0,-63.0
25537.0,37.0
25948.0,-202.0
26040.0,630.0
24641.0,201.0
24757.0,-623.0
25269.0,-511.0
24920.0,-270.0
23996.0,-304.0
23089.0,-541.0
23597.0,-283.0
22652.0,-478.0
23068.0,578.0
24185.0,2555.0
21596.0,796.0
21608.0,1148.0
21925.0,2245.0
22024.0,3094.0
20503.0,2293.0
17570.0,60.0
17616.0,-264.0
18207.0,107.0
17711.0,281.0
16320.0,-1810.0
31119.0,-251.0
31175.0,-495.0
31061.0,-259.0
30243.0,-117.0
30141.0,-89.0
29323.0,-67.0
28782.0,-208.0
28940.0,60.0
29016.0,266.0
29257.0,207.0
28051.0,-89.0
28070.0,60.0
27844.0,184.0
26811.0,121.0
26737.0,127.0
26668.0,8.0
27283.0,533.0
26332.0,562.0
25469.0,399.0
25262.0,432.0
25210.0,400.0
25972.0,372.0
25888.0,618.0
25177.0,347.0
25025.0,695.0
25295.0,1145.0
25480.0,1160.0
25552.0,302.0
27096.0,846.0
27531.0,1091.0
28001.0,571.0
28537.0,437.0
28161.0,601.0
28073.0,563.0
28323.0,613.0
28288.0,578.0
27426.0,656.0
26676.0,666.0
26130.0,640.0
26389.0,449.0
25600.0,270.0
25602.0,102.0
25886.0,-264.0
26107.0,697.0
24823.0,383.0
24875.0,-505.0
25066.0,-714.0
24774.0,-416.0
23839.0,-461.0
22968.0,-662.0
23444.0,-436.0
22403.0,-727.0
23148.0,658.0
23954.0,2324.0
21838.0,1038.0
21658.0,1198.0
21653.0,1973.0
21939.0,3009.0
18949.0,1439.0
18373.0,943.0
31158.0,-212.0
31355.0,-315.0
31149.0,-171.0
30318.0,-42.0
30177.0,-53.0
29356.0,-34.0
28460.0,-530.0
29053.0,173.0
29098.0,348.0
29332.0,282.0
28063.0,-77.0
28228.0,218.0
27910.0,250.0
26962.0,272.0
26668.0,58.0
26609.0,-51.0
27213.0,463.0
26450.0,680.0
25565.0,495.0
25379.0,549.0
25278.0,468.0
25863.0,263.0
25744.0,474.0
25149.0,319.0
24818.0,488.0
24838.0,688.0
25419.0,1099.0
25609.0,359.0
27432.0,1182.0
27618.0,1178.0
27983.0,553.0
28566.0,466.0
28196.0,636.0
27960.0,450.0
28301.0,591.0
28290.0,580.0
27467.0,697.0
26613.0,603.0
26061.0,571.0
26403.0,463.0
25712.0,382.0
25672.0,172.0
25973.0,-177.0
26172.0,762.0
24840.0,400.0
24827.0,-553.0
24935.0,-845.0
24642.0,-548.0
23705.0,-595.0
22836.0,-794.0
23430.0,-450.0
22082.0,-1048.0
18110.0,680.0
31144.0,-226.0
31055.0,-615.0
31133.0,-187.0
30336.0,-24.0
30113.0,-117.0
29433.0,43.0
28996.0,6.0
29166.0,286.0
28930.0,180.0
29444.0,394.0
28092.0,-48.0
28193.0,183.0
27964.0,304.0
26971.0,281.0
26547.0,-63.0
26544.0,-116.0
27288.0,538.0
26682.0,912.0
25812.0,742.0
25458.0,628.0
25365.0,555.0
26029.0,429.0
26134.0,864.0
25309.0,479.0
25373.0,1043.0
25257.0,1107.0
25578.0,1258.0
25697.0,447.0
27434.0,1184.0
27673.0,1233.0
28010.0,580.0
28462.0,362.0
28112.0,552.0
27962.0,452.0
28200.0,490.0
28175.0,465.0
27412.0,642.0
26543.0,533.0
25991.0,501.0
26324.0,384.0
25655.0,325.0
25632.0,132.0
25946.0,-204.0
26124.0,714.0
24776.0,336.0
24670.0,-710.0
24800.0,-980.0
24560.0,-630.0
23654.0,-646.0
22834.0,-796.0
23279.0,-601.0
22265.0,-865.0
17785.0,275.0
18028.0,148.0
31117.0,-253.0
31358.0,-312.0
31117.0,-203.0
30307.0,-53.0
30148.0,-82.0
29406.0,16.0
29117.0,127.0
29029.0,149.0
28998.0,248.0
29575.0,525.0
28253.0,113.0
28257.0,247.0
27971.0,311.0
27389.0,699.0
27191.0,581.0
27492.0,832.0
27764.0,1014.0
27008.0,1238.0
25946.0,876.0
25585.0,755.0
25478.0,668.0
25895.0,295.0
26372.0,1102.0
25733.0,903.0
25518.0,1188.0
25601.0,1451.0
25770.0,1450.0
25847.0,597.0
27576.0,1326.0
27859.0,1419.0
28061.0,631.0
28438.0,338.0
28085.0,525.0
27863.0,353.0
28138.0,428.0
28088.0,378.0
27476.0,706.0
26528.0,518.0
26049.0,559.0
26319.0,379.0
25663.0,333.0
25618.0,118.0
25991.0,-159.0
26041.0,631.0
24619.0,179.0
24503.0,-877.0
24567.0,-1213.0
24442.0,-748.0
23621.0,-679.0
22949.0,-681.0
23222.0,-658.0
21837.0,-1293.0
17667.0,237.0
31143.0,-227.0
31465.0,-205.0
31116.0,-204.0
30346.0,-14.0
30471.0,241.0
29631.0,241.0
29250.0,260.0
29204.0,324.0
29082.0,332.0
29588.0,538.0
28307.0,167.0
28986.0,976.0
28165.0,505.0
27501.0,841.0
27866.0,1116.0
26476.0,706.0
25391.0,561.0
25486.0,676.0
25741.0,141.0
26637.0,1367.0
26154.0,1324.0
25777.0,1447.0
26221.0,2071.0
26223.0,1903.0
26153.0,903.0
27433.0,1183.0
27731.0,1291.0
28046.0,616.0
28508.0,408.0
28129.0,569.0
28030.0,520.0
28166.0,456.0
28356.0,646.0
27659.0,889.0
26726.0,716.0
26157.0,667.0
26923.0,983.0
31190.0,-180.0
31391.0,-279.0
31349.0,29.0
30555.0,195.0
30459.0,229.0
30387.0,997.0
29188.0,198.0
29436.0,556.0
29075.0,325.0
29555.0,505.0
28568.0,428.0
28275.0,265.0
27875.0,215.0
27537.0,847.0
28065.0,1455.0
27570.0,910.0
27673.0,923.0
26579.0,809.0
25424.0,594.0
25440.0,630.0
26036.0,436.0
26392.0,1122.0
25348.0,518.0
25983.0,1653.0
25955.0,1805.0
26040.0,1720.0
26010.0,760.0
27512.0,1262.0
27702.0,1262.0
27984.0,554.0
28341.0,241.0
28237.0,677.0
28031.0,521.0
28324.0,614.0
28236.0,526.0
27690.0,920.0
26475.0,465.0
26814.0,1324.0
47555.0,313.0
47351.0,3321.0
45486.0,3149.0
44976.0,4267.0
39883.0,739.0
39542.0,1901.0
34659.0,-1535.0
39345.0,1696.0
33002.0,2702.0
31651.0,2285.0
34173.0,5936.0
29625.0,2474.0
26530.0,423.0
23875.0,-3144.0
47587.0,345.0
47265.0,3235.0
45426.0,3089.0
45002.0,4293.0
39924.0,780.0
39650.0,2009.0
34859.0,-1335.0
39636.0,1987.0
33271.0,2971.0
31722.0,2356.0
34213.0,5976.0
29802.0,2651.0
26322.0,215.0
23645.0,-3374.0
31158.0,3697.0
31962.0,2112.0
32961.0,2441.0
47472.0,230.0
47248.0,3218.0
45452.0,3115.0
45020.0,4311.0
39908.0,764.0
39557.0,1916.0
34732.0,-1462.0
39697.0,2048.0
33299.0,2999.0
31788.0,2422.0
34148.0,5911.0
29788.0,2637.0
26246.0,139.0
23639.0,-3380.0
29790.0,2329.0
47465.0,223.0
47234.0,3204.0
45441.0,3104.0
44877.0,4168.0
39990.0,846.0
39546.0,1905.0
34983.0,-1211.0
39720.0,2071.0
33333.0,3033.0
31779.0,2413.0
34377.0,6140.0
29796.0,2645.0
26385.0,278.0
23782.0,-3237.0
33769.0,3249.0
47557.0,315.0
47220.0,3190.0
45498.0,3161.0
44998.0,4289.0
40181.0,1037.0
39628.0,1987.0
35425.0,-769.0
39817.0,2168.0
33677.0,3377.0
31917.0,2551.0
34290.0,6053.0
29712.0,2561.0
26974.0,867.0
23892.0,-3127.0
27792.0,-562.0
32461.0,4894.0
33242.0,4582.0
34850.0,5000.0
38252.0,7732.0
47517.0,275.0
47167.0,3137.0
45429.0,3092.0
44934.0,4225.0
40185.0,1041.0
39707.0,2066.0
35993.0,-201.0
39981.0,2332.0
33668.0,3368.0
32120.0,2754.0
34269.0,6032.0
29858.0,2707.0
26465.0,358.0
24578.0,-2441.0
47576.0,334.0
47252.0,3222.0
45317.0,2980.0
45084.0,4375.0
40111.0,967.0
39777.0,2136.0
35812.0,-382.0
39829.0,2180.0
33352.0,3052.0
32903.0,3537.0
34343.0,6106.0
30315.0,3164.0
26800.0,693.0
24164.0,-2855.0
47392.0,150.0
47276.0,3246.0
45340.0,3003.0
45183.0,4474.0
40332.0,1188.0
40053.0,2412.0
36554.0,360.0
39712.0,2063.0
30364.0,2127.0
32073.0,4922.0
47894.0,652.0
47460.0,3430.0
45459.0,3122.0
44718.0,4009.0
40024.0,880.0
39724.0,2083.0
35488.0,-706.0
39274.0,1625.0
30931.0,1565.0
33666.0,5429.0
28060.0,909.0
48365.0,1123.0
48005.0,3975.0
45586.0,3249.0
45564.0,4855.0
37010.0,-2134.0
48509.0,4479.0
53002.0,5760.0
40509.0,1365.0
43011.0,5370.0
56914.0,26614.0
30038.0,672.0
36051.0,7814.0
21708.0,-5443.0
49590.0,2348.0
50082.0,6052.0
47254.0,4917.0
47161.0,6452.0
40921.0,1777.0
40669.0,3028.0
36456.0,262.0
39805.0,2156.0
33790.0,3490.0
33646.0,4280.0
35183.0,6946.0
30111.0,2960.0
26271.0,164.0
49702.0,2460.0
50232.0,6202.0
47137.0,4800.0
47254.0,6545.0
41111.0,1967.0
40741.0,3100.0
37030.0,836.0
40290.0,2641.0
34020.0,3720.0
33264.0,3898.0
49687.0,2445.0
50373.0,6343.0
47525.0,5188.0
47206.0,6497.0
41141.0,1997.0
40685.0,3044.0
36914.0,720.0
40068.0,2419.0
34231.0,3931.0
34037.0,4671.0
36229.0,7992.0
30000.0,2849.0
49965.0,2723.0
50733.0,6703.0
47760.0,5423.0
47530.0,6821.0
41248.0,2104.0
40960.0,3319.0
36994.0,800.0
40087.0,2438.0
34363.0,4063.0
33806.0,4440.0
35901.0,7664.0
30820.0,3669.0
50222.0,2980.0
51149.0,7119.0
47957.0,5620.0
47732.0,7023.0
41196.0,2052.0
41045.0,3404.0
37055.0,861.0
40324.0,2675.0
34384.0,4084.0
33865.0,4499.0
35756.0,7519.0
50234.0,2992.0
51241.0,7211.0
48085.0,5748.0
47827.0,7118.0
41336.0,2192.0
41099.0,3458.0
37199.0,1005.0
40348.0,2699.0
34159.0,3859.0
33875.0,4509.0
35861.0,7624.0
30983.0,3832.0
27576.0,1469.0
50477.0,3235.0
51542.0,7512.0
48213.0,5876.0
48150.0,7441.0
41630.0,2486.0
41348.0,3707.0
37555.0,1361.0
40624.0,2975.0
34058.0,3758.0
33358.0,3992.0
36074.0,7837.0
31274.0,4123.0
26978.0,871.0
23918.0,-3101.0
50886.0,3644.0
52053.0,8023.0
48428.0,6091.0
48543.0,7834.0
41802.0,2658.0
41582.0,3941.0
37882.0,1688.0
40588.0,2939.0
36141.0,5841.0
34313.0,4947.0
35469.0,7232.0
31040.0,3889.0
51219.0,3977.0
52539.0,8509.0
48796.0,6459.0
48816.0,8107.0
42225.0,3081.0
41793.0,4152.0
37862.0,1668.0
40511.0,2862.0
34589.0,4289.0
34647.0,5281.0
36067.0,7830.0
31417.0,4266.0
28463.0,2356.0
51535.0,4293.0
52910.0,8880.0
48860.0,6523.0
49168.0,8459.0
42372.0,3228.0
42083.0,4442.0
37999.0,1805.0
40492.0,2843.0
35265.0,4965.0
33064.0,3698.0
33958.0,5721.0
51546.0,4304.0
53193.0,9163.0
49130.0,6793.0
49305.0,8596.0
42778.0,3634.0
42246.0,4605.0
38202.0,2008.0
40309.0,2660.0
34742.0,4442.0
32853.0,4616.0
51358.0,4116.0
52171.0,8141.0
48475.0,6138.0
49633.0,8924.0
41522.0,2378.0
41541.0,3900.0
43133.0,3989.0
48749.0,8040.0
42731.0,5090.0
51717.0,4475.0
42503.0,3359.0
49948.0,7611.0
54250.0,10220.0
52857.0,5615.0
54112.0,10082.0
49556.0,8847.0
45011.0,5867.0
53129.0,5887.0
53639.0,9609.0
49206.0,6869.0
49091.0,8382.0
43497.0,4353.0
46768.0,9127.0
45847.0,-1395.0
54556.0,10526.0
51001.0,8664.0
53104.0,12395.0
53099.0,5857.0
53682.0,9652.0
51220.0,8883.0
50303.0,9594.0
44730.0,5586.0
22577.0,-3530.0
22565.0,-3542.0
22616.0,-4403.0
22613.0,-4406.0
28710.0,566.0
27768.0,307.0
27863.0,402.0
28731.0,377.0
28808.0,454.0
27803.0,236.0
27885.0,318.0
25940.0,-2720.0
26127.0,-2533.0
29810.0,-40.0
31516.0,996.0
31558.0,1038.0
31577.0,1217.0
31612.0,1252.0
31363.0,273.0
32021.0,-289.0
33343.0,1253.0
32905.0,-255.0
34707.0,287.0
35810.0,2130.0
32895.0,505.0
33896.0,1336.0
33851.0,1291.0
33481.0,2111.0
28449.0,-2881.0
28252.0,-3078.0
33280.0,1310.0
31880.0,-2740.0
31963.0,-4097.0
37997.0,437.0
40573.0,1503.0
41553.0,1493.0
19727.0,-6380.0
21241.0,-5778.0
21229.0,-5790.0
27872.0,-272.0
27657.0,196.0
27822.0,361.0
28842.0,488.0
28147.0,580.0
26795.0,-1865.0
26955.0,-1705.0
31398.0,878.0
31795.0,1435.0
34088.0,1778.0
33123.0,1033.0
33825.0,665.0
33796.0,1236.0
31834.0,464.0
32895.0,1565.0
24651.0,-1456.0
24569.0,-1538.0
24650.0,-1457.0
22482.0,-4537.0
22405.0,-4614.0
22391.0,-4628.0
28750.0,606.0
28748.0,604.0
27829.0,368.0
27888.0,427.0
27650.0,189.0
29003.0,649.0
27700.0,133.0
27924.0,357.0
27658.0,91.0
25719.0,-2941.0
26253.0,-2407.0
31977.0,1617.0
30544.0,-546.0
33425.0,1335.0
34874.0,454.0
36125.0,2445.0
33242.0,852.0
33502.0,942.0
33155.0,1785.0
33189.0,1219.0
34763.0,1523.0
40583.0,1513.0
25509.0,-598.0
25507.0,-600.0
23985.0,-3034.0
24047.0,-2972.0
23855.0,-3164.0
28579.0,435.0
27676.0,215.0
28074.0,613.0
28837.0,483.0
29180.0,826.0
27778.0,211.0
28331.0,764.0
26498.0,-2162.0
27348.0,-1312.0
31784.0,1264.0
31771.0,1411.0
31684.0,1324.0
33356.0,1046.0
33461.0,1371.0
33389.0,229.0
34391.0,-29.0
34931.0,1251.0
33435.0,1045.0
33838.0,1278.0
33426.0,2056.0
31934.0,604.0
33494.0,1524.0
34944.0,-1116.0
25444.0,-663.0
25445.0,-662.0
24022.0,-2997.0
23990.0,-3029.0
28447.0,303.0
29039.0,895.0
27656.0,195.0
28386.0,925.0
28762.0,408.0
29424.0,1070.0
28243.0,676.0
28871.0,1304.0
26444.0,-2216.0
27755.0,-905.0
29559.0,-291.0
30614.0,764.0
31748.0,1228.0
31833.0,1473.0
32209.0,1119.0
33071.0,761.0
33727.0,1637.0
35130.0,710.0
36069.0,2389.0
33812.0,1422.0
33740.0,1180.0
34184.0,1624.0
33007.0,1637.0
29607.0,-1723.0
33595.0,1625.0
34340.0,1100.0
36185.0,1565.0
41885.0,1825.0
25749.0,-358.0
25709.0,-398.0
24297.0,-2722.0
24150.0,-2869.0
28433.0,289.0
29694.0,1550.0
27703.0,242.0
29167.0,1706.0
27805.0,344.0
28707.0,353.0
29943.0,1589.0
28042.0,475.0
29369.0,1802.0
28361.0,794.0
26515.0,-2145.0
28179.0,-481.0
29924.0,74.0
30826.0,976.0
31147.0,627.0
31787.0,1267.0
32105.0,1745.0
31799.0,709.0
34777.0,2467.0
35618.0,3308.0
35000.0,2690.0
32635.0,-525.0
33903.0,743.0
36098.0,1678.0
36538.0,2858.0
32607.0,1277.0
32503.0,1173.0
34206.0,966.0
40478.0,1408.0
41168.0,2098.0
42795.0,1475.0
43464.0,2144.0
43089.0,1009.0
43250.0,1030.0
41653.0,1913.0
45486.0,6436.0
40909.0,3359.0
37922.0,1812.0
39968.0,3488.0
39398.0,1458.0
40491.0,3891.0
40508.0,5268.0
26739.0,-11.0
25953.0,-154.0
26186.0,79.0
25522.0,-585.0
23796.0,-3223.0
25375.0,-1644.0
28475.0,331.0
30142.0,1998.0
27619.0,158.0
29549.0,2088.0
28650.0,296.0
30129.0,1775.0
28066.0,499.0
29586.0,2019.0
28237.0,670.0
26475.0,-2185.0
28519.0,-141.0
29941.0,91.0
31580.0,1730.0
30414.0,564.0
31135.0,615.0
32484.0,1964.0
31196.0,836.0
32453.0,2093.0
31620.0,1260.0
30856.0,-234.0
32125.0,1035.0
31509.0,419.0
32171.0,-139.0
33465.0,1155.0
33171.0,861.0
33939.0,1849.0
33340.0,180.0
35859.0,1439.0
36704.0,3024.0
33430.0,1040.0
34333.0,1773.0
34162.0,2792.0
31962.0,632.0
33018.0,-222.0
33917.0,-703.0
33224.0,-1396.0
36238.0,178.0
39606.0,2046.0
39521.0,451.0
40169.0,1099.0
41534.0,1474.0
42091.0,2031.0
42756.0,1436.0
43577.0,1967.0
40869.0,459.0
44384.0,2164.0
43431.0,2791.0
42168.0,2428.0
44109.0,5059.0
41184.0,3634.0
37725.0,1615.0
37629.0,1149.0
35508.0,-942.0
33420.0,-4520.0
33662.0,172.0
33033.0,1363.0
34286.0,2966.0
30667.0,1917.0
26136.0,29.0
26998.0,891.0
24292.0,-2727.0
25784.0,-1235.0
28380.0,236.0
30845.0,2701.0
27585.0,124.0
29906.0,2445.0
28629.0,275.0
30934.0,2580.0
28051.0,484.0
30116.0,2549.0
26417.0,-2243.0
29132.0,472.0
29743.0,-107.0
32143.0,2293.0
31203.0,683.0
32993.0,2473.0
31289.0,929.0
33156.0,2796.0
30820.0,-270.0
32353.0,1263.0
31166.0,-1144.0
33619.0,1309.0
33716.0,556.0
36925.0,2505.0
37930.0,4250.0
33519.0,1129.0
34026.0,1466.0
31775.0,405.0
33229.0,1859.0
31672.0,342.0
35158.0,3188.0
32894.0,-346.0
31808.0,-2812.0
45116.0,3796.0
45216.0,3896.0
46148.0,3928.0
44500.0,3860.0
26871.0,764.0
27218.0,1111.0
24623.0,-2396.0
25792.0,-1227.0
28396.0,252.0
31157.0,3013.0
27629.0,168.0
30086.0,2625.0
28570.0,216.0
31058.0,2704.0
28052.0,485.0
29995.0,2428.0
26592.0,-2068.0
29157.0,497.0
30153.0,303.0
32394.0,2544.0
30733.0,883.0
31366.0,846.0
33192.0,2672.0
31222.0,862.0
33358.0,2998.0
30012.0,-1078.0
32795.0,1705.0
32755.0,1665.0
31917.0,-393.0
34356.0,2046.0
32782.0,692.0
34496.0,2406.0
34290.0,1130.0
35191.0,771.0
36860.0,2440.0
38579.0,4899.0
39392.0,5712.0
34879.0,2489.0
35030.0,2640.0
38942.0,7572.0
37849.0,6479.0
32904.0,1574.0
33623.0,383.0
33923.0,683.0
33402.0,-1218.0
33641.0,-979.0
36053.0,-7.0
37720.0,1660.0
41585.0,2515.0
40701.0,2771.0
35640.0,1710.0
34570.0,3250.0
32627.0,2397.0
26803.0,696.0
27576.0,1469.0
26201.0,94.0
26410.0,-609.0
26526.0,-493.0
25988.0,-1031.0
28556.0,412.0
30574.0,2430.0
27567.0,106.0
30163.0,2702.0
28395.0,934.0
28563.0,209.0
30686.0,2332.0
28425.0,858.0
30221.0,2654.0
29116.0,1549.0
26609.0,-2051.0
29223.0,563.0
30499.0,649.0
32805.0,2955.0
31375.0,1525.0
31559.0,1039.0
34364.0,3844.0
31419.0,1059.0
33760.0,3400.0
34087.0,3727.0
32328.0,1238.0
32605.0,1515.0
33550.0,2460.0
34520.0,2210.0
34390.0,2300.0
34385.0,2295.0
32246.0,-914.0
34192.0,1032.0
36612.0,2192.0
38180.0,4500.0
38620.0,4940.0
35668.0,3278.0
34685.0,2295.0
36738.0,4178.0
35405.0,2845.0
34778.0,3408.0
33221.0,1851.0
32517.0,1187.0
35418.0,3448.0
34078.0,838.0
33441.0,201.0
32577.0,-2043.0
36652.0,592.0
36349.0,289.0
38052.0,492.0
43480.0,4410.0
43275.0,3215.0
43455.0,3395.0
44779.0,2699.0
46276.0,4056.0
44790.0,4150.0
43635.0,3895.0
42888.0,5338.0
41959.0,4029.0
40198.0,3598.0
41252.0,4652.0
38999.0,3759.0
41503.0,6263.0
36808.0,3478.0
36009.0,2679.0
37195.0,3705.0
26174.0,67.0
26831.0,724.0
26281.0,-738.0
26017.0,-1002.0
27114.0,95.0
29189.0,1045.0
29937.0,1793.0
28056.0,595.0
29157.0,1696.0
28361.0,900.0
29115.0,761.0
30391.0,2037.0
29073.0,1506.0
30627.0,3060.0
26556.0,-2104.0
29567.0,907.0
32024.0,3364.0
30515.0,665.0
32857.0,3007.0
31066.0,1216.0
31700.0,1180.0
34038.0,3518.0
32025.0,1665.0
33594.0,3234.0
34635.0,3545.0
32240.0,1150.0
35402.0,3092.0
34157.0,997.0
36459.0,2039.0
37697.0,4017.0
33162.0,772.0
34657.0,2097.0
34476.0,3106.0
33396.0,2066.0
34850.0,2880.0
33844.0,604.0
32135.0,-2485.0
34851.0,-1209.0
41892.0,2822.0
42728.0,2668.0
43111.0,1501.0
41083.0,1343.0
26831.0,724.0
27218.0,1111.0
26599.0,-420.0
26782.0,-237.0
27023.0,4.0
29131.0,987.0
30281.0,2137.0
28620.0,476.0
27981.0,520.0
29698.0,2237.0
29171.0,817.0
30251.0,1897.0
28522.0,955.0
30180.0,2613.0
26824.0,-1836.0
28878.0,218.0
27585.0,-1075.0
30817.0,967.0
32924.0,3074.0
31942.0,1422.0
33563.0,3043.0
31966.0,1606.0
33482.0,3122.0
30935.0,-155.0
32558.0,1468.0
33312.0,1002.0
34402.0,2092.0
34072.0,1982.0
35367.0,3277.0
34224.0,1064.0
35043.0,1883.0
37203.0,2783.0
37465.0,3045.0
39149.0,5469.0
38908.0,5228.0
35263.0,2873.0
35204.0,2814.0
35814.0,3254.0
35470.0,2910.0
34244.0,2874.0
34282.0,2912.0
34878.0,3548.0
33384.0,2054.0
37837.0,5867.0
35549.0,3579.0
34836.0,2866.0
34416.0,1176.0
34419.0,1179.0
32382.0,-2238.0
32443.0,-2177.0
33372.0,-1248.0
37329.0,1269.0
35863.0,-197.0
40354.0,2794.0
38716.0,1156.0
42216.0,3146.0
41894.0,2824.0
42675.0,2615.0
42288.0,2228.0
41480.0,160.0
42113.0,793.0
42970.0,1360.0
40730.0,320.0
44724.0,2644.0
45584.0,3364.0
46890.0,6250.0
43523.0,3783.0
42837.0,3787.0
41939.0,4389.0
26046.0,-61.0
27585.0,566.0
26007.0,-1012.0
31341.0,3197.0
24759.0,-2702.0
33101.0,4747.0
29488.0,828.0
28325.0,-335.0
34180.0,4330.0
33805.0,3285.0
35999.0,5639.0
34381.0,2071.0
35080.0,1920.0
36814.0,2394.0
34686.0,3316.0
30806.0,-524.0
34894.0,2924.0
35253.0,2013.0
37016.0,956.0
26003.0,-104.0
25503.0,-604.0
25890.0,-1129.0
26443.0,-576.0
32414.0,4270.0
21245.0,-6322.0
28962.0,302.0
32948.0,3098.0
26356.0,-4004.0
30932.0,-158.0
30111.0,-2199.0
34335.0,2245.0
31541.0,-1619.0
34300.0,1140.0
36586.0,2166.0
39539.0,5859.0
32892.0,1522.0
31931.0,-2689.0
32152.0,-3908.0
20199.0,-5908.0
20187.0,-5920.0
17847.0,-9172.0
17844.0,-9175.0
27593.0,-761.0
27670.0,-684.0
23687.0,-4973.0
23874.0,-4786.0
28947.0,-903.0
28946.0,-1574.0
28988.0,-1532.0
30554.0,-536.0
32919.0,609.0
33186.0,1096.0
31888.0,-1272.0
33437.0,-983.0
35937.0,2257.0
32399.0,9.0
33057.0,497.0
33012.0,452.0
32612.0,1242.0
31070.0,-260.0
30873.0,-457.0
33147.0,1177.0
32671.0,-569.0
30772.0,-3848.0
33438.0,-2622.0
35771.0,-1789.0
39439.0,369.0
39918.0,-142.0
26895.0,1625.0
24829.0,-1278.0
20520.0,-6499.0
20508.0,-6511.0
26372.0,-1772.0
28815.0,1354.0
28980.0,1519.0
26388.0,-1179.0
26320.0,-2340.0
26480.0,-2180.0
33411.0,1101.0
32362.0,272.0
33909.0,-511.0
32612.0,222.0
33146.0,586.0
31306.0,-64.0
24278.0,-1829.0
24196.0,-1911.0
24277.0,-1830.0
21921.0,-5098.0
21844.0,-5175.0
21830.0,-5189.0
28141.0,-3.0
28139.0,-5.0
28770.0,416.0
23479.0,-5181.0
24013.0,-4647.0
30182.0,-178.0
30410.0,-680.0
32025.0,-285.0
33658.0,-762.0
36143.0,2463.0
33211.0,821.0
33925.0,1365.0
34427.0,3057.0
33324.0,1994.0
33676.0,1706.0
33721.0,481.0
36144.0,-1416.0
39963.0,893.0
22745.0,-3362.0
22743.0,-3364.0
23241.0,-3778.0
23303.0,-3716.0
23111.0,-3908.0
25374.0,-2193.0
25927.0,-1640.0
21151.0,-7509.0
22001.0,-6659.0
30086.0,-434.0
29964.0,-1126.0
30050.0,-1040.0
32978.0,668.0
32212.0,122.0
33829.0,-591.0
36597.0,2917.0
32661.0,101.0
31109.0,-261.0
30229.0,-1101.0
33436.0,1466.0
30663.0,-2577.0
30538.0,-4082.0
25497.0,-610.0
25498.0,-609.0
23957.0,-3062.0
23925.0,-3094.0
28237.0,776.0
28967.0,1506.0
26733.0,-834.0
27361.0,-206.0
26479.0,-2181.0
27790.0,-870.0
29557.0,-293.0
30612.0,762.0
31556.0,1036.0
30699.0,-391.0
33651.0,1341.0
33689.0,-731.0
36512.0,2832.0
32235.0,-325.0
32679.0,119.0
33327.0,1957.0
29927.0,-1403.0
35330.0,3360.0
30040.0,-3200.0
30864.0,-3756.0
41535.0,1475.0
25203.0,-904.0
25163.0,-944.0
24058.0,-2961.0
23911.0,-3108.0
27227.0,-917.0
28488.0,344.0
26592.0,-869.0
28056.0,595.0
26694.0,-767.0
26937.0,-1417.0
28173.0,-181.0
26645.0,-922.0
27972.0,405.0
26964.0,-603.0
26022.0,-2638.0
27686.0,-974.0
29681.0,-169.0
30583.0,733.0
30942.0,422.0
31582.0,1062.0
31159.0,799.0
30669.0,-421.0
31871.0,-439.0
32712.0,402.0
32094.0,-216.0
32853.0,763.0
31379.0,-1781.0
32647.0,-513.0
34838.0,418.0
36210.0,2530.0
32023.0,-367.0
32629.0,239.0
33224.0,664.0
32321.0,951.0
31118.0,-212.0
31014.0,-316.0
33426.0,1456.0
32269.0,-971.0
30870.0,-3750.0
30787.0,-3833.0
33606.0,-2454.0
34158.0,-1902.0
35680.0,-1880.0
36346.0,-1214.0
39569.0,499.0
40259.0,1189.0
40529.0,469.0
41129.0,1069.0
41584.0,264.0
42253.0,933.0
43170.0,1560.0
41894.0,-186.0
44039.0,1819.0
35391.0,-4349.0
44097.0,5047.0
40309.0,2759.0
37148.0,1038.0
36600.0,120.0
38756.0,816.0
41731.0,3801.0
39591.0,2991.0
36823.0,3333.0
33767.0,2447.0
25731.0,-376.0
25964.0,-143.0
25300.0,-807.0
23806.0,-3213.0
25385.0,-1634.0
27424.0,-720.0
29091.0,947.0
26334.0,-1127.0
28264.0,803.0
27655.0,-699.0
29134.0,780.0
26808.0,-759.0
28328.0,761.0
26979.0,-588.0
25638.0,-3022.0
27682.0,-978.0
28417.0,-1433.0
30056.0,206.0
28890.0,-960.0
30360.0,-160.0
31709.0,1189.0
29596.0,-764.0
30853.0,493.0
30020.0,-340.0
29455.0,-1635.0
30724.0,-366.0
30108.0,-982.0
31355.0,-955.0
32649.0,339.0
32355.0,45.0
32891.0,801.0
32601.0,-559.0
35065.0,645.0
36483.0,2803.0
32664.0,274.0
33343.0,783.0
32579.0,1209.0
30658.0,-672.0
33485.0,1515.0
32088.0,-1152.0
31399.0,-3221.0
30706.0,-3914.0
34020.0,-2040.0
36250.0,-1310.0
39873.0,803.0
40521.0,1451.0
40749.0,689.0
41306.0,1246.0
42372.0,1052.0
42160.0,550.0
40335.0,-75.0
42227.0,147.0
44060.0,1840.0
41390.0,750.0
39605.0,-135.0
44354.0,5304.0
40361.0,2811.0
37274.0,1164.0
37882.0,1402.0
36140.0,-310.0
39638.0,1698.0
43973.0,6043.0
40310.0,3710.0
35249.0,1919.0
35150.0,2610.0
33673.0,2303.0
33536.0,1866.0
33669.0,2349.0
31362.0,2612.0
30529.0,2389.0
28199.0,2429.0
27682.0,2082.0
27448.0,2618.0
25950.0,1800.0
26130.0,23.0
26992.0,885.0
24261.0,-2758.0
25753.0,-1266.0
26840.0,-1304.0
29305.0,1161.0
25849.0,-1612.0
28170.0,709.0
27136.0,-1218.0
29441.0,1087.0
26395.0,-1172.0
28460.0,893.0
25144.0,-3516.0
27859.0,-801.0
27945.0,-1905.0
30345.0,495.0
29704.0,-816.0
31494.0,974.0
29464.0,-896.0
31331.0,971.0
29101.0,-1989.0
30634.0,-456.0
30479.0,-1831.0
32932.0,622.0
30512.0,-1578.0
33141.0,1051.0
32766.0,-394.0
35002.0,582.0
36414.0,2734.0
32766.0,376.0
33438.0,878.0
31246.0,-124.0
32700.0,1330.0
30613.0,-717.0
33468.0,1498.0
32050.0,-1190.0
30583.0,-4037.0
33978.0,-2082.0
36426.0,-1134.0
40617.0,1547.0
41182.0,1122.0
41476.0,1416.0
41695.0,375.0
41795.0,475.0
44177.0,1957.0
42089.0,1449.0
40653.0,4053.0
37478.0,2238.0
26870.0,763.0
27217.0,1110.0
24605.0,-2414.0
25774.0,-1245.0
26800.0,-1344.0
29561.0,1417.0
26035.0,-1426.0
28492.0,1031.0
27180.0,-1174.0
29668.0,1314.0
26472.0,-1095.0
28415.0,848.0
25300.0,-3360.0
27865.0,-795.0
28208.0,-1642.0
30449.0,599.0
28788.0,-1062.0
29453.0,-1067.0
31279.0,759.0
29010.0,-1350.0
31146.0,786.0
28047.0,-3043.0
30830.0,-260.0
30790.0,-300.0
30738.0,-1572.0
33177.0,867.0
31486.0,-604.0
33200.0,1110.0
32835.0,-325.0
33529.0,-891.0
35198.0,778.0
35626.0,1946.0
36439.0,2759.0
32675.0,285.0
32826.0,436.0
34046.0,1486.0
33409.0,849.0
33932.0,2562.0
32839.0,1469.0
30957.0,-373.0
33309.0,1339.0
31717.0,-1523.0
32017.0,-1223.0
30317.0,-4303.0
30556.0,-4064.0
32405.0,-3655.0
34072.0,-1988.0
36458.0,-1102.0
40509.0,1439.0
41389.0,1329.0
41889.0,569.0
41839.0,519.0
42715.0,1105.0
40479.0,69.0
40329.0,-81.0
41864.0,-216.0
43544.0,1324.0
44170.0,1950.0
41500.0,1760.0
45733.0,6683.0
45822.0,6772.0
41433.0,3883.0
38926.0,2446.0
36703.0,253.0
41401.0,3471.0
39142.0,3902.0
33400.0,3170.0
26808.0,701.0
27581.0,1474.0
26206.0,99.0
26405.0,-614.0
26521.0,-498.0
25983.0,-1036.0
27737.0,-407.0
29755.0,1611.0
26772.0,-689.0
29368.0,1907.0
27600.0,139.0
27787.0,-567.0
29910.0,1556.0
27532.0,-35.0
29328.0,1761.0
28223.0,656.0
25849.0,-2811.0
28463.0,-197.0
28841.0,-1009.0
31147.0,1297.0
29717.0,-133.0
29754.0,-766.0
32559.0,2039.0
29432.0,-928.0
31773.0,1413.0
32100.0,1740.0
30776.0,-314.0
31053.0,-37.0
31998.0,908.0
33086.0,776.0
33330.0,1240.0
33325.0,1235.0
31170.0,-1990.0
33116.0,-44.0
35372.0,952.0
36356.0,2676.0
36796.0,3116.0
34080.0,1690.0
33097.0,707.0
35068.0,2508.0
33735.0,1175.0
34599.0,3229.0
33042.0,1672.0
31735.0,405.0
33585.0,1615.0
33009.0,-231.0
32372.0,-868.0
30856.0,-3764.0
34490.0,-1570.0
34187.0,-1873.0
36483.0,-1077.0
40489.0,1419.0
41103.0,1043.0
41283.0,1223.0
40682.0,-638.0
42071.0,751.0
42791.0,1181.0
40710.0,300.0
43151.0,1071.0
43892.0,1672.0
41862.0,1222.0
41268.0,1528.0
41831.0,4281.0
43600.0,5670.0
40003.0,3403.0
41057.0,4457.0
37739.0,2499.0
40243.0,5003.0
38793.0,4863.0
36360.0,2430.0
37612.0,4282.0
36813.0,3483.0
36897.0,3407.0
26176.0,69.0
26833.0,726.0
26282.0,-737.0
26018.0,-1001.0
27115.0,96.0
28781.0,637.0
29529.0,1385.0
27610.0,149.0
28711.0,1250.0
27915.0,454.0
28619.0,265.0
29895.0,1541.0
28425.0,858.0
29979.0,2412.0
26026.0,-2634.0
29037.0,377.0
31494.0,2834.0
29420.0,-430.0
31762.0,1912.0
29971.0,121.0
30295.0,-225.0
32633.0,2113.0
30532.0,172.0
32101.0,1741.0
33578.0,2488.0
31183.0,93.0
33168.0,858.0
33549.0,1459.0
33300.0,140.0
35548.0,1128.0
36779.0,3099.0
33078.0,688.0
33896.0,1336.0
33287.0,1917.0
32079.0,749.0
33751.0,1781.0
32513.0,-727.0
31008.0,-3612.0
34212.0,-1848.0
36677.0,-883.0
40550.0,1480.0
41224.0,1164.0
42055.0,735.0
42169.0,849.0
42485.0,875.0
43729.0,3989.0
26831.0,724.0
27218.0,1111.0
26598.0,-421.0
26781.0,-238.0
27022.0,3.0
28894.0,750.0
30044.0,1900.0
28383.0,239.0
27644.0,183.0
29361.0,1900.0
28834.0,480.0
29914.0,1560.0
28147.0,580.0
29805.0,2238.0
26479.0,-2181.0
28533.0,-127.0
27240.0,-1420.0
30018.0,168.0
32125.0,2275.0
30818.0,298.0
32439.0,1919.0
30830.0,470.0
32346.0,1986.0
29742.0,-1348.0
31365.0,275.0
31871.0,-439.0
32961.0,651.0
32341.0,251.0
33636.0,1546.0
32508.0,-652.0
33327.0,167.0
35269.0,849.0
35531.0,1111.0
37046.0,3366.0
36805.0,3125.0
33238.0,848.0
33179.0,789.0
34111.0,1551.0
33767.0,1207.0
33094.0,1724.0
33132.0,1762.0
33518.0,2188.0
32024.0,694.0
36224.0,4254.0
33936.0,1966.0
33223.0,1253.0
32798.0,-442.0
32801.0,-439.0
31053.0,-3567.0
31114.0,-3506.0
32043.0,-2577.0
35740.0,-320.0
34274.0,-1786.0
38595.0,1035.0
36957.0,-603.0
40591.0,1521.0
40269.0,1199.0
41503.0,1443.0
41116.0,1056.0
41360.0,40.0
41993.0,673.0
43346.0,1736.0
40193.0,-217.0
43264.0,1184.0
45585.0,3365.0
45799.0,5159.0
42458.0,2718.0
43698.0,4648.0
41148.0,3598.0
26046.0,-61.0
27580.0,561.0
26002.0,-1017.0
31035.0,2891.0
24551.0,-2910.0
32776.0,4422.0
29255.0,595.0
28092.0,-568.0
33459.0,3609.0
32736.0,2216.0
34948.0,4588.0
31327.0,237.0
33096.0,786.0
33759.0,1669.0
32867.0,-293.0
35568.0,1148.0
37056.0,3376.0
33083.0,693.0
33927.0,1367.0
33956.0,2586.0
31677.0,347.0
34231.0,2261.0
33414.0,174.0
30910.0,-3710.0
34205.0,-1855.0
36943.0,-617.0
26002.0,-105.0
25502.0,-605.0
25891.0,-1128.0
26444.0,-575.0
32266.0,4122.0
21083.0,-6484.0
28872.0,212.0
32531.0,2681.0
25581.0,-4779.0
30289.0,-801.0
29273.0,-3037.0
33365.0,1275.0
30298.0,-2862.0
33057.0,-103.0
35542.0,1122.0
36933.0,3253.0
33794.0,1404.0
40503.0,7943.0
30840.0,-530.0
30388.0,-4232.0
29766.0,-6294.0
23447.0,-2660.0
23365.0,-2742.0
23446.0,-2661.0
20147.0,-6872.0
20070.0,-6949.0
20056.0,-6963.0
29486.0,1342.0
29484.0,1340.0
28940.0,1479.0
28999.0,1538.0
28761.0,1300.0
29860.0,1506.0
29151.0,1584.0
29375.0,1808.0
29109.0,1542.0
29576.0,916.0
30110.0,1450.0
32230.0,1870.0
32932.0,1842.0
34015.0,1705.0
33096.0,1006.0
33645.0,485.0
35481.0,1061.0
36596.0,2916.0
34063.0,1673.0
34724.0,2164.0
33000.0,1630.0
32765.0,1435.0
34357.0,2387.0
34488.0,1248.0
34102.0,-518.0
40251.0,2691.0
25081.0,-1026.0
25079.0,-1028.0
20835.0,-6184.0
20897.0,-6122.0
20705.0,-6314.0
29613.0,1469.0
29410.0,1949.0
29808.0,2347.0
30597.0,2243.0
30940.0,2586.0
29157.0,1590.0
29710.0,2143.0
27553.0,-1107.0
28403.0,-257.0
32572.0,2052.0
32576.0,2216.0
32489.0,2129.0
32704.0,1614.0
32790.0,1700.0
34213.0,1903.0
34390.0,2300.0
33814.0,654.0
35513.0,1093.0
36801.0,3121.0
34576.0,2186.0
34962.0,2402.0
33452.0,2082.0
32784.0,1454.0
34288.0,2318.0
35247.0,2007.0
34892.0,272.0
38457.0,2397.0
25330.0,-777.0
25331.0,-776.0
22493.0,-4526.0
22461.0,-4558.0
29709.0,1565.0
30301.0,2157.0
28705.0,1244.0
29435.0,1974.0
30656.0,2302.0
31318.0,2964.0
29230.0,1663.0
29858.0,2291.0
28527.0,-133.0
29838.0,1178.0
31609.0,1759.0
32664.0,2814.0
32946.0,2426.0
32422.0,2062.0
33754.0,2664.0
34280.0,1970.0
34359.0,2269.0
35013.0,1853.0
36498.0,2078.0
36852.0,3172.0
35450.0,3060.0
35372.0,2812.0
35816.0,3256.0
34681.0,3311.0
32734.0,1404.0
34474.0,2504.0
25562.0,-545.0
25522.0,-585.0
24054.0,-2965.0
23907.0,-3112.0
29803.0,1659.0
31064.0,2920.0
28848.0,1387.0
30312.0,2851.0
28950.0,1489.0
29900.0,1546.0
31136.0,2782.0
29436.0,1869.0
30763.0,3196.0
29755.0,2188.0
28543.0,-117.0
30207.0,1547.0
32557.0,2707.0
33459.0,3609.0
33160.0,2640.0
33800.0,3280.0
34033.0,3673.0
33873.0,1563.0
34714.0,2404.0
34096.0,1786.0
36040.0,3950.0
33950.0,790.0
35218.0,2058.0
37317.0,2897.0
37440.0,3760.0
35062.0,2672.0
35668.0,3278.0
36004.0,3444.0
35597.0,4227.0
34684.0,3354.0
34580.0,3250.0
36180.0,4210.0
35604.0,2364.0
34390.0,-230.0
34307.0,-313.0
41152.0,2082.0
41842.0,2772.0
42399.0,2339.0
42999.0,2939.0
43882.0,2562.0
44551.0,3231.0
44718.0,3108.0
42514.0,2104.0
44492.0,2412.0
46907.0,4687.0
39141.0,-599.0
38564.0,2454.0
39144.0,2664.0
40233.0,2293.0
26071.0,-36.0
26304.0,197.0
25640.0,-467.0
23754.0,-3265.0
25333.0,-1686.0
29442.0,1298.0
31109.0,2965.0
28886.0,1425.0
30816.0,3355.0
29866.0,1512.0
31345.0,2991.0
29549.0,1982.0
31069.0,3502.0
29720.0,2153.0
28443.0,-217.0
30487.0,1827.0
31562.0,1712.0
33201.0,3351.0
32035.0,2185.0
32413.0,1893.0
33762.0,3242.0
32444.0,2084.0
33701.0,3341.0
32868.0,2508.0
31955.0,865.0
33224.0,2134.0
32608.0,1518.0
33896.0,1586.0
35190.0,2880.0
34896.0,2586.0
35262.0,3172.0
34962.0,1802.0
36312.0,1892.0
37268.0,3588.0
35013.0,2623.0
36120.0,3560.0
33372.0,2002.0
33225.0,1895.0
35918.0,3948.0
34474.0,1234.0
36016.0,1396.0
35323.0,703.0
38269.0,2209.0
40356.0,2796.0
41443.0,2373.0
42091.0,3021.0
42406.0,2346.0
42963.0,2903.0
43411.0,2091.0
45344.0,3734.0
43112.0,2702.0
44306.0,2226.0
45492.0,3272.0
43791.0,3151.0
42779.0,3039.0
51614.0,12564.0
42136.0,4586.0
38813.0,2703.0
39375.0,2895.0
39556.0,3106.0
26260.0,153.0
27122.0,1015.0
24260.0,-2759.0
25752.0,-1267.0
29427.0,1283.0
31892.0,3748.0
29171.0,1710.0
31492.0,4031.0
30490.0,2136.0
32795.0,4441.0
29490.0,1923.0
31555.0,3988.0
27616.0,-1044.0
30331.0,1671.0
31897.0,2047.0
34297.0,4447.0
33449.0,1359.0
36078.0,3988.0
35725.0,1305.0
38049.0,4369.0
36160.0,3600.0
33819.0,1849.0
34985.0,1745.0
38387.0,3767.0
37319.0,-241.0
45900.0,3680.0
26875.0,768.0
27222.0,1115.0
24603.0,-2416.0
25772.0,-1247.0
29626.0,1482.0
32387.0,4243.0
28277.0,816.0
30734.0,3273.0
30110.0,1756.0
32598.0,4244.0
29151.0,491.0
31716.0,3056.0
31152.0,1302.0
33393.0,3543.0
31732.0,1882.0
32377.0,1857.0
34203.0,3683.0
31883.0,1523.0
34019.0,3659.0
30350.0,-740.0
33133.0,2043.0
33093.0,2003.0
32583.0,273.0
35022.0,2712.0
35433.0,3343.0
37147.0,5057.0
33533.0,-887.0
35202.0,782.0
38599.0,4919.0
39412.0,5732.0
34629.0,2239.0
34780.0,2390.0
37088.0,4528.0
36451.0,3891.0
34259.0,2889.0
33166.0,1796.0
34404.0,3074.0
37568.0,5598.0
34827.0,1587.0
35127.0,1887.0
33402.0,-1218.0
33641.0,-979.0
41518.0,5458.0
43185.0,7125.0
49009.0,7689.0
48959.0,7639.0
48919.0,7309.0
45000.0,4590.0
44850.0,4440.0
44331.0,2251.0
45801.0,3581.0
46427.0,4207.0
44750.0,4110.0
44545.0,4805.0
44582.0,5532.0
44671.0,5621.0
43144.0,5594.0
42851.0,4921.0
26808.0,701.0
27581.0,1474.0
26206.0,99.0
26418.0,-601.0
26534.0,-485.0
25996.0,-1023.0
29729.0,1585.0
31747.0,3603.0
29321.0,1860.0
31917.0,4456.0
30149.0,2688.0
30516.0,2162.0
32639.0,4285.0
30141.0,2574.0
31937.0,4370.0
30832.0,3265.0
28069.0,-591.0
30683.0,2023.0
31464.0,1614.0
33770.0,3920.0
32340.0,2490.0
33123.0,2603.0
35928.0,5408.0
33352.0,2992.0
35693.0,5333.0
36020.0,5660.0
34285.0,3195.0
34562.0,3472.0
35507.0,4417.0
35757.0,3447.0
36195.0,4105.0
36190.0,4100.0
34102.0,942.0
36048.0,2888.0
38402.0,3982.0
38715.0,5035.0
39155.0,5475.0
37960.0,5570.0
36977.0,4587.0
37754.0,5194.0
36421.0,3861.0
33512.0,2182.0
37485.0,5515.0
35829.0,2589.0
35192.0,1952.0
34298.0,-322.0
38533.0,2473.0
38230.0,2170.0
39106.0,1546.0
45119.0,6049.0
43449.0,3039.0
45350.0,3270.0
26174.0,67.0
26831.0,724.0
26289.0,-730.0
26025.0,-994.0
27122.0,103.0
30471.0,2327.0
31219.0,3075.0
29441.0,1980.0
30542.0,3081.0
29746.0,2285.0
31110.0,2756.0
32386.0,4032.0
30815.0,3248.0
32369.0,4802.0
27766.0,-894.0
30777.0,2117.0
33234.0,4574.0
31449.0,1599.0
33791.0,3941.0
32000.0,2150.0
34749.0,4229.0
37087.0,6567.0
33994.0,834.0
37502.0,3082.0
34799.0,1559.0
32651.0,-1969.0
39833.0,2273.0
44063.0,4003.0
26832.0,725.0
27219.0,1112.0
26603.0,-416.0
26786.0,-233.0
27027.0,8.0
30405.0,2261.0
31555.0,3411.0
29894.0,1750.0
29237.0,1776.0
30954.0,3493.0
30200.0,1846.0
31280.0,2926.0
29525.0,1958.0
31183.0,3616.0
28027.0,-633.0
30081.0,1421.0
28788.0,128.0
32104.0,2254.0
34211.0,4361.0
34360.0,3840.0
35981.0,5461.0
34072.0,1762.0
35162.0,2852.0
39577.0,5897.0
39336.0,5656.0
35917.0,3527.0
35858.0,3468.0
38180.0,5620.0
37836.0,5276.0
36177.0,2937.0
36180.0,2940.0
45450.0,5390.0
45063.0,5003.0
46219.0,4139.0
26051.0,-56.0
27581.0,562.0
26003.0,-1016.0
34803.0,4283.0
35883.0,5523.0
33867.0,2777.0
35768.0,3458.0
36190.0,3030.0
39320.0,4900.0
40113.0,6433.0
32727.0,1397.0
37090.0,5120.0
35038.0,1798.0
32872.0,-1748.0
36710.0,650.0
41394.0,3834.0
26010.0,-97.0
25510.0,-597.0
25898.0,-1121.0
26451.0,-568.0
33455.0,5311.0
22510.0,-5057.0
29994.0,1334.0
34543.0,4693.0
27700.0,-2660.0
32608.0,1518.0
32055.0,-255.0
36312.0,4222.0
33019.0,-141.0
35778.0,2618.0
38950.0,4530.0
40452.0,6772.0
37088.0,4698.0
43796.0,11236.0
34136.0,2766.0
32643.0,-1977.0
32295.0,-3765.0
